idade,energia_consumo_automatico_kwh,lote_composto,racao_consumo_g_ave,racao_referencia_g_ave,gmd_g,gmd_referencia_g,mortalidade_acumulada_percent,mortalidade_referencia_percent
0,46.306,1282-19,774.84,0.0,,0.0,,0.15
1,51.467,1282-19,1012.66,597.545,,21.5,0.0587403459153703,0.15
2,66.18,1282-19,1249.92,780.776,,16.383,0.0805608778958369,0.15
3,45.056,1282-19,1367.62,963.543,18.66744383176168,16.383,0.0980755399603339,0.15
4,33.217,1282-19,1604.17,1054.458,19.073891818523407,17.14625,0.0807049688086201,0.15
5,33.296,1282-19,1840.63,1237.032,20.07638426167624,18.834,0.0654793085385018,0.15
6,40.434,1282-19,2075.45,1418.467,20.659478679690874,20.647166666666667,0.1289420198002491,0.15
7,44.555,1282-19,2192.66,1600.48,22.587386560928653,22.083571428571428,0.0634184744576627,0.15
8,50.796,1282-19,2547.16,1691.233,23.31296670649415,23.805875,0.0415673062197816,0.05
9,70.359,1282-19,2960.78,1964.799,24.548053670013047,25.823888888888888,0.0350163044667673,0.05
10,87.997,1282-19,3374.11,2283.85,26.792389119632453,27.7436,0.035028570177551,0.05
11,76.333,1282-19,3449.0,2602.62,28.18560239967717,29.783363636363635,0.0372317126587823,0.05
12,54.66,1282-19,3461.0,2921.28,29.98256948670749,31.737583333333333,0.0328623069339467,0.05
13,102.542,1282-19,3614.0,3285.432,31.33372276437567,33.62930769230769,0.0306808967587824,0.05
14,119.327,1282-19,4384.0,3376.028,33.93401907089281,35.5395,0.0197273245364078,0.05
15,78.216,1282-19,4001.0,3557.892,36.29947315417959,37.33546666666667,0.0175384750295961,0.05
16,63.636,1282-19,4810.0,3873.875,37.70110186721906,39.1595625,0.0855732309380142,0.05
17,70.814,1282-19,3962.0,4144.504,39.05167220870322,40.95117647058824,0.0680660460214298,0.05
18,105.912,1282-19,5967.0,4688.148,41.86057423615287,42.65838888888889,0.0615168292468582,0.05
19,164.191,1282-19,5078.0,5003.13,43.5310314182321,44.34657894736842,0.0725545808323989,0.05
20,97.766,1282-19,4943.0,5182.554,45.24577081048295,46.02075,0.048393128175799,0.05
21,144.812,1282-19,5314.0,5362.038,47.9486207812446,47.58257142857143,0.0440131159085407,0.05
22,163.169,1282-19,6463.0,5587.029,49.30143066639072,49.143136363636366,0.0396275014860313,0.05
23,235.475,1282-19,6836.0,5810.56,50.27643903131123,50.655869565217394,0.061680801850424,0.05
24,184.059,1282-19,6429.0,6034.343,51.97821977713187,52.12854166666666,0.0528972250997333,0.05
25,220.529,1282-19,6702.0,6210.347,54.03784586041794,53.52468,0.0882398358739052,0.05
26,252.004,1282-19,5559.0,6522.624,54.36354026072707,54.89115384615385,0.0772695160720593,0.05
27,269.651,1282-19,6979.0,6788.1,55.14154889230845,56.23444444444444,0.092809475405489,0.05
28,297.61,1282-19,7005.0,7054.32,55.23601669463683,57.51557142857143,0.075187969924812,0.05
29,275.121,1282-19,7675.0,7225.92,57.05370409067368,58.745413793103445,0.1284265532970196,0.05
30,313.142,1282-19,7899.0,7394.924,59.56611419076913,59.92766666666667,0.1574593599609678,0.05
31,317.79,1282-19,6808.0,7509.99,61.19145012691591,61.098838709677416,0.2690682677340449,0.05
32,382.866,1282-19,8493.0,7621.1,60.919724574537724,62.1968125,0.3122908766451037,0.05
33,215.01,1282-19,6675.0,7773.102,63.793125782088325,63.25951515151515,0.3514427058849864,0.05
34,257.302,1282-19,9259.0,7871.367,63.73353281208113,64.28879411764706,0.4542285984124485,0.05
35,315.799,1282-19,9137.0,7931.132,64.77278549627862,65.26048571428572,0.3678793897264602,0.05
36,305.84,1282-19,8251.0,8023.106,67.21948489237003,66.17819444444444,0.510400834788921,0.15
37,326.697,1282-19,7418.0,8144.94,66.4728048890756,67.07302702702702,0.6691025348253026,0.15
38,362.564,1282-19,8343.0,8268.42,66.33567889472765,67.9218947368421,0.6250287237464957,0.15
39,409.938,1282-19,8385.0,8343.776,66.97539595301679,68.75258974358974,0.6615470022205774,0.15
40,449.141,1282-19,8395.0,8436.328,68.17268069300789,69.517025,0.9527367831122736,0.15
41,441.291,1282-19,5094.0,8693.272,66.88116116135049,70.2431219512195,,0.15
42,217.854,1282-19,168.0,8907.392,,70.93566666666666,,0.15
0,49.322,1282-20,845.09,0.0,,0.0,,0.15
1,50.26,1282-20,1103.13,570.908,19.4868558049202,23.0,0.1798888787685581,0.15
2,33.109,1282-20,1360.74,745.501,16.875444024801254,17.526,0.1436617791257154,0.15
3,47.866,1282-20,1488.26,919.632,22.35936500628789,17.526,0.1392948483741322,0.15
4,47.75,1282-20,1745.29,1006.181,22.49912182246412,18.3425,0.1028641964020389,0.15
5,46.471,1282-20,2001.89,1180.008,22.65382439628186,20.148,0.0983891634632985,0.15
6,63.574,1282-20,2258.18,1353.615,24.33144279591202,22.087666666666667,0.0893163861216077,0.15
7,72.882,1282-20,2384.16,1526.315,24.63177441053919,23.624285714285715,0.1284138595244101,0.15
8,77.891,1282-20,2768.49,1612.201,25.012780719421286,25.46675,0.0826199710830101,0.05
9,76.533,1282-20,3217.4,1872.607,26.74459996542954,27.625555555555557,0.0551103354841672,0.05
10,119.307,1282-20,3663.37,2174.8,27.97503462798725,29.6792,0.1218502850836858,0.05
11,154.092,1282-20,1900.0,2477.22,29.57657117405016,31.861272727272727,0.082834790612057,0.05
12,96.712,1282-20,3176.0,2776.96,31.03957301041805,33.95183333333333,0.1613274948144734,0.05
13,129.957,1282-20,2714.0,3120.696,32.99674329750464,35.97553846153846,0.108437348591468,0.05
14,136.406,1282-20,433.0,3204.644,35.79400202567443,38.019,0.0854385073661848,0.05
15,114.15,1282-20,2505.0,3374.748,35.2278869509697,39.940266666666666,0.0924513474783895,0.05
16,127.233,1282-20,4395.0,3674.125,37.41588369880389,41.891625,0.0948525159051474,0.05
17,124.716,1282-20,4240.0,3928.561,38.05631837365405,43.80823529411765,0.1250839684047161,0.05
18,178.536,1282-20,4683.0,4444.038,38.907569949337415,45.63455555555556,0.0579427988689565,0.05
19,175.577,1282-20,5158.0,4742.32,40.54578121085712,47.44052631578948,0.0788643533123028,0.05
20,145.173,1282-20,5331.0,4911.918,42.32406037721319,49.2315,0.0580221412491006,0.05
21,161.716,1282-20,5717.0,5081.552,47.083181071591056,50.90228571428572,0.0534088798067991,0.05
22,174.551,1282-20,5845.0,5285.31,48.67890966888583,52.57172727272727,0.2187572725157086,0.05
23,220.821,1282-20,5385.0,5496.448,50.20743478630164,54.19,0.0675345241144826,0.05
24,145.441,1282-20,7361.0,5706.232,54.13456698382411,55.76541666666667,0.0862390453104605,0.05
25,169.875,1282-20,6747.0,5872.642,55.87200348818825,57.25896,0.0886483460084915,0.05
26,235.093,1282-20,7111.0,6167.52,56.47439673547655,58.72076923076923,0.0840532337146859,0.05
27,263.011,1282-20,1510.0,6420.9,57.615437782986334,60.15777777777778,0.0560669065084334,0.05
28,235.834,1282-20,5020.0,6672.276,56.54765123420441,61.52828571428572,0.0818311472726847,0.05
29,263.889,1282-20,7933.0,6836.64,58.46192523902228,62.84393103448276,0.0982938987572842,0.05
30,196.95,1282-20,7801.0,7001.816,59.68986817721663,64.10866666666666,0.0819787323745725,0.05
31,237.782,1282-20,7448.0,7125.389,60.38820837731101,65.36154838709678,0.0632807556190967,0.05
32,242.295,1282-20,8484.0,7249.31,62.20770686894215,66.536125,0.0562812184883802,0.05
33,284.769,1282-20,7406.0,7414.836,61.44338937282389,67.6729696969697,0.068052752616511,0.05
34,250.201,1282-20,8780.0,7534.005,62.03535645337856,68.77405882352942,0.1151180547398097,0.05
35,295.065,1282-20,9385.0,7615.018,62.64723119304121,69.81354285714286,0.0540642188895679,0.05
36,307.213,1282-20,8934.0,7735.182,63.17919527900156,70.79527777777778,0.0964683183925084,0.15
37,311.666,1282-20,7817.0,7899.234,63.322659933291526,71.75254054054054,0.0753490781511219,0.15
38,297.344,1282-20,8734.0,8059.23,62.360550578423954,72.66063157894737,0.1225923568380602,0.15
39,357.31,1282-20,6599.0,8179.34,61.75064612009807,73.54928205128205,0.0873053327041057,0.15
40,312.954,1282-20,9173.0,8342.359,60.86620601239751,74.36705,0.0779275981769665,0.15
41,287.549,1282-20,6104.0,8587.103,64.79296044101095,75.14380487804878,0.1087444741259072,0.15
42,136.562,1282-20,160.0,8760.128,,75.88466666666666,0.4392629879380758,0.15
0,129.684,1283-19,,0.0,,0.0,,0.15
1,194.563,1283-19,,597.545,25.01684935994858,21.5,0.0587403459153703,0.15
2,131.877,1283-19,,780.844,19.75168466932528,16.383,0.0718453365845162,0.15
3,133.924,1283-19,,963.879,19.262479169788783,16.383,0.0718969912198522,0.15
4,105.857,1283-19,,1055.056,20.278125948331144,17.14625,0.0588594349494244,0.15
5,111.385,1283-19,,1237.896,20.492309727152342,18.834,0.052346885360321,0.15
6,117.454,1283-19,,1419.304,21.33396632824421,20.647166666666667,0.1397868250917351,0.15
7,130.568,1283-19,,1600.97,22.634932331764094,22.083571428571428,0.0918193345284421,0.15
8,150.792,1283-19,,1691.159,23.3218622378685,23.805875,0.0765747040934649,0.05
9,147.646,1283-19,,1964.498,25.09644306651854,25.823888888888888,0.0459659414262575,0.05
10,170.687,1283-19,,2283.25,27.415005209897977,27.7436,0.0459870798204314,0.05
11,174.575,1283-19,,2601.993,29.04659767327225,29.783363636363635,0.0350500558610265,0.05
12,171.605,1283-19,,2920.704,30.06272157387659,31.737583333333333,0.0284862827592251,0.05
13,177.562,1283-19,,3284.208,31.25670039159472,33.62930769230769,0.0482308063313894,0.05
14,184.004,1283-19,,3373.956,33.98690591754964,35.5395,0.0438654208887134,0.05
15,140.401,1283-19,,3554.616,36.017429387372154,37.33546666666667,0.0482752567365926,0.05
16,173.239,1283-19,,3871.41,38.48403948300505,39.1595625,0.0570851446888859,0.05
17,138.357,1283-19,,4140.409,39.35795875118512,40.95117647058824,0.1032989736038154,0.05
18,121.14,1283-19,,4682.895,41.54486192796939,42.65838888888889,0.0747827999560101,0.05
19,183.727,1283-19,,4996.53,43.464415449382834,44.34657894736842,0.092464170134073,0.05
20,99.454,1283-19,,5174.232,45.83091396450888,46.02075,0.0771128932757557,0.05
21,128.896,1283-19,2695.31884765625,5350.946,47.35820604219664,47.58257142857143,0.0904139193331422,0.05
22,141.875,1283-19,,5569.194,49.16737525720894,49.143136363636366,0.1523918901011528,0.05
23,189.13,1283-19,,5786.88,50.59668613255617,50.655869565217394,0.150409201504092,0.05
24,156.888,1283-19,,6004.95,50.76334604573629,52.12854166666666,0.132890365448505,0.05
25,197.413,1283-19,,6180.755,52.107717115842,53.52468,0.0775795190069821,0.05
26,212.27,1283-19,,6488.928,53.24213638800973,54.89115384615385,0.117615729439439,0.05
27,180.239,1283-19,,6727.2,53.95891608353014,56.23444444444444,0.4771673207277916,0.05
28,195.028,1283-19,5384.6748046875,6988.644,55.06862673256344,57.51557142857143,0.1093774414607468,0.05
29,185.226,1283-19,7172.38671875,7156.64,55.29850804160897,58.745413793103445,0.156498021417872,0.05
30,201.63,1283-19,7109.96484375,7313.416,55.12308017831262,59.92766666666667,0.302731309144728,0.05
31,216.48,1283-19,7723.82958984375,7417.639,54.88771887625715,61.098838709677416,0.3984960713240426,0.05
32,254.142,1283-19,8028.953247070312,7517.91,57.40027364732302,62.1968125,0.4386857517581349,0.05
33,141.081,1283-19,8892.327514648438,7668.18,59.980159600351165,63.25951515151515,0.3471749489448604,0.05
34,179.584,1283-19,9321.0732421875,7771.362,60.54846455616958,64.28879411764706,0.37352525850681,0.05
35,221.476,1283-19,8409.717163085938,7827.491,62.06912870026312,65.26048571428572,0.4047657161151639,0.05
36,205.394,1283-19,8847.7255859375,7922.096,62.437453925180776,66.17819444444444,0.4617717331372909,0.15
37,219.16,1283-19,7754.07177734375,8044.872,63.88986419330025,67.07302702702702,0.6381207805419402,0.15
38,260.966,1283-19,9054.779296875,8166.96,64.49569677584523,67.9218947368421,0.6234878094174576,0.15
39,281.423,1283-19,8779.167724609375,8243.802,66.47759618153717,68.75258974358974,0.6321112515802781,0.15
40,300.807,1283-19,8057.1219482421875,8347.087,66.23176703588774,69.517025,0.8095159425078473,0.15
41,266.75,1283-19,4596.477783203125,8601.313,66.3930086111621,70.2431219512195,,0.15
42,281.901,1283-19,3539.482788085937,8813.168,,70.93566666666666,,0.15
0,98.912,1283-20,820.1,0.0,,0.0,,0.15
1,97.868,1283-20,1070.58,570.973,13.344400651923811,23.5,0.1730379545092324,0.15
2,110.561,1283-20,1319.63,745.042,19.643096430689017,17.907,0.2167663031077442,0.15
3,94.648,1283-20,1443.82,919.401,21.99771422104263,17.907,0.1027843128297663,0.15
4,104.714,1283-20,1692.02,1005.238,22.157319962546868,18.74125,0.1716011531597492,0.15
5,123.389,1283-20,1940.24,1178.577,21.30115823292694,20.586,0.125999404366452,0.15
6,147.435,1283-20,2187.23,1351.104,22.927871148971303,22.567833333333333,0.1537261380323054,0.15
7,132.106,1283-20,2309.4,1523.585,23.686396144148667,24.137857142857143,0.1217523144425811,0.15
8,152.598,1283-20,2682.11,1609.574,23.52062417309453,26.020375,0.0666636016734862,0.05
9,142.933,1283-20,3116.87,1869.468,26.482780581004523,28.226111111111116,0.0598031097617076,0.05
10,161.51,1283-20,3551.44,2172.7,27.123982712052804,30.3244,0.0506282505638146,0.05
11,129.962,1283-20,3468.819580078125,2475.225,28.84865768555244,32.553909090909094,0.0667818077144502,0.05
12,85.45,1283-20,3098.8291015625,2776.064,31.422379376959714,34.68991666666667,0.1129656953153817,0.05
13,121.336,1283-20,3702.412353515625,3120.264,34.170175819155176,36.75761538461538,0.0899923852597087,0.05
14,98.673,1283-20,3815.700927734375,3203.83,35.19728550492794,38.8455,0.0970088924818108,0.05
15,76.131,1283-20,4114.0302734375,3373.422,37.470197761791376,40.80853333333334,0.10636084071308,0.05
16,70.709,1283-20,4516.0029296875,3673.105,37.590078091382246,42.8023125,0.083308263716937,0.05
17,15.298,1283-20,4426.8193359375,3930.108,40.047771990894674,44.76058823529412,0.057886449939798,0.05
18,,1283-20,4648.81494140625,4445.789,40.40669654117641,46.62661111111111,0.0579199777587285,0.05
19,,1283-20,6753.8974609375,4745.18,41.83256206827233,48.47184210526316,0.0579535444387778,0.05
20,,1283-20,4950.132568359375,4913.286,42.90873372502414,50.30175,0.0904893384997331,0.05
21,,1283-20,5578.679443359375,5081.08,43.92536417399945,52.008857142857146,0.0905712958662331,0.05
22,,1283-20,6336.7822265625,5277.561,42.43910939778356,53.71459090909091,0.3565851725825623,0.05
23,,1283-20,4584.5537109375,5488.512,45.596173181295214,55.36804347826087,0.0653000303178712,0.05
24,,1283-20,7710.68701171875,5696.523,45.90357551561005,56.97770833333333,0.1120683617006373,0.05
25,,1283-20,7492.7508544921875,5863.463,41.51103092772237,58.50372,0.0747681020584593,0.05
26,,1283-20,7625.72509765625,6157.296,53.274864918710506,59.99730769230769,0.0935475572394115,0.05
27,,1283-20,7709.046875,6411.6,56.411415197750586,61.465555555555554,0.0350926445816956,0.05
28,,1283-20,7404.2041015625,6659.952,57.0506214107786,62.865857142857145,0.1218026796589525,0.05
29,,1283-20,7081.958984375,6821.6,57.08845893081935,64.21010344827586,0.1336929752550721,0.05
30,,1283-20,7595.12744140625,6965.408,57.96959143047807,65.50233333333334,0.3837822565454888,0.05
31,,1283-20,8396.878662109375,7068.776,58.20036991573449,66.78245161290323,0.3402003402003402,0.05
32,,1283-20,8062.02734375,7186.58,46.31045945462856,67.9825625,0.1277380896059043,0.05
33,,1283-20,8351.239501953125,7341.06,60.66447270718312,69.1441212121212,0.1990993126333254,0.05
34,,1283-20,8393.690063476562,7439.133,67.68599161381943,70.26914705882353,0.3830688334245402,0.05
35,,1283-20,9385.52880859375,7499.384,68.82136892164257,71.33122857142857,0.3174527401183883,0.05
36,,1283-20,8179.57568359375,7597.044,71.1794633984527,72.33430555555556,0.3689329691917014,0.15
37,,1283-20,8198.0341796875,7732.392,71.77482629973454,73.31237837837838,0.4089290868854036,0.15
38,,1283-20,8886.811279296875,7881.39,72.37883893853471,74.24021052631579,0.2193775463465201,0.15
39,,1283-20,8148.2568359375,7991.358,75.5167931519327,75.14817948717949,0.1811331691059266,0.15
40,,1283-20,9247.3984375,8143.783,75.6930860778279,75.983725,0.1620745542949757,0.15
41,,1283-20,7954.107421875,8378.013,73.21338316738273,76.77736585365854,0.1647646046860992,0.15
42,,1283-20,321.745361328125,8562.32,,77.53433333333334,0.2575003036560184,0.15
