lote_composto,Grandeza,Idade,Data,Referencia_kwh,Consumo_automatico_kwh,Relacao_auto,Consumo_manual_kwh,Relacao_manual,Mortalidade_un,Mortalidade_percent,Referencia_percent,Relacao_mortalidade,Referencia_kg,Consumo_automatico_kg,Consumo_manual_kg,GMD_automatico_g,GMD_manual_g
1283_19,GMD,0,2025-08-20T03:00:00,,,,,,,,,,,,,,
1283_19,GMD,1,2025-08-21T03:00:00,,,,,,,,,,,,,25.01684935994858,
1283_19,GMD,2,2025-08-22T03:00:00,,,,,,,,,,,,,19.75168466932528,
1283_19,GMD,3,2025-08-23T03:00:00,,,,,,,,,,,,,19.262479169788783,
1283_19,GMD,4,2025-08-24T03:00:00,,,,,,,,,,,,,20.278125948331144,
1283_19,GMD,5,2025-08-25T03:00:00,,,,,,,,,,,,,20.492309727152342,
1283_19,GMD,6,2025-08-26T03:00:00,,,,,,,,,,,,,21.33396632824421,
1283_19,GMD,7,2025-08-27T03:00:00,,,,,,,,,,,,,22.634932331764094,
1283_19,GMD,8,2025-08-28T03:00:00,,,,,,,,,,,,,23.3218622378685,
1283_19,GMD,9,2025-08-29T03:00:00,,,,,,,,,,,,,25.09644306651854,
1283_19,GMD,10,2025-08-30T03:00:00,,,,,,,,,,,,,27.415005209897977,
1283_19,GMD,11,2025-08-31T03:00:00,,,,,,,,,,,,,29.04659767327225,
1283_19,GMD,12,2025-09-01T03:00:00,,,,,,,,,,,,,30.06272157387659,
1283_19,GMD,13,2025-09-02T03:00:00,,,,,,,,,,,,,31.25670039159472,
1283_19,GMD,14,2025-09-03T03:00:00,,,,,,,,,,,,,33.98690591754964,
1283_19,GMD,15,2025-09-04T03:00:00,,,,,,,,,,,,,36.017429387372154,
1283_19,GMD,16,2025-09-05T03:00:00,,,,,,,,,,,,,38.48403948300505,
1283_19,GMD,17,2025-09-06T03:00:00,,,,,,,,,,,,,39.35795875118512,
1283_19,GMD,18,2025-09-07T03:00:00,,,,,,,,,,,,,41.54486192796939,
1283_19,GMD,19,2025-09-08T03:00:00,,,,,,,,,,,,,43.464415449382834,
1283_19,GMD,20,2025-09-09T03:00:00,,,,,,,,,,,,,45.83091396450888,
1283_19,GMD,21,2025-09-10T03:00:00,,,,,,,,,,,,,47.35820604219664,
1283_19,GMD,22,2025-09-11T03:00:00,,,,,,,,,,,,,49.16737525720894,
1283_19,GMD,23,2025-09-12T03:00:00,,,,,,,,,,,,,50.59668613255617,
1283_19,GMD,24,2025-09-13T03:00:00,,,,,,,,,,,,,50.76334604573629,
1283_19,GMD,25,2025-09-14T03:00:00,,,,,,,,,,,,,52.107717115842,
1283_19,GMD,26,2025-09-15T03:00:00,,,,,,,,,,,,,53.24213638800973,
1283_19,GMD,27,2025-09-16T03:00:00,,,,,,,,,,,,,53.95891608353014,
1283_19,GMD,28,2025-09-17T03:00:00,,,,,,,,,,,,,55.06862673256344,
1283_19,GMD,29,2025-09-18T03:00:00,,,,,,,,,,,,,55.29850804160897,
1283_19,GMD,30,2025-09-19T03:00:00,,,,,,,,,,,,,55.12308017831262,
1283_19,GMD,31,2025-09-20T03:00:00,,,,,,,,,,,,,54.88771887625715,
1283_19,GMD,32,2025-09-21T03:00:00,,,,,,,,,,,,,57.40027364732302,
1283_19,GMD,33,2025-09-22T03:00:00,,,,,,,,,,,,,59.980159600351165,
1283_19,GMD,34,2025-09-23T03:00:00,,,,,,,,,,,,,60.54846455616958,
1283_19,GMD,35,2025-09-24T03:00:00,,,,,,,,,,,,,62.06912870026312,
1283_19,GMD,36,2025-09-25T03:00:00,,,,,,,,,,,,,62.437453925180776,
1283_19,GMD,37,2025-09-26T03:00:00,,,,,,,,,,,,,63.88986419330025,
1283_19,GMD,38,2025-09-27T03:00:00,,,,,,,,,,,,,64.49569677584523,
1283_19,GMD,39,2025-09-28T03:00:00,,,,,,,,,,,,,66.47759618153717,
1283_19,GMD,40,2025-09-29T03:00:00,,,,,,,,,,,,,66.23176703588774,
1283_19,GMD,41,2025-09-30T03:00:00,,,,,,,,,,,,,66.3930086111621,
1283_19,GMD,42,2025-10-01T03:00:00,,,,,,,,,,,,,,
1282_19,GMD,0,2025-08-20T03:00:00,,,,,,,,,,,,,,
1282_19,GMD,1,2025-08-21T03:00:00,,,,,,,,,,,,,,
1282_19,GMD,2,2025-08-22T03:00:00,,,,,,,,,,,,,,
1282_19,GMD,3,2025-08-23T03:00:00,,,,,,,,,,,,,18.66744383176168,
1282_19,GMD,4,2025-08-24T03:00:00,,,,,,,,,,,,,19.073891818523407,
1282_19,GMD,5,2025-08-25T03:00:00,,,,,,,,,,,,,20.07638426167624,
1282_19,GMD,6,2025-08-26T03:00:00,,,,,,,,,,,,,20.659478679690874,
1282_19,GMD,7,2025-08-27T03:00:00,,,,,,,,,,,,,22.587386560928653,
1282_19,GMD,8,2025-08-28T03:00:00,,,,,,,,,,,,,23.31296670649415,
1282_19,GMD,9,2025-08-29T03:00:00,,,,,,,,,,,,,24.548053670013047,
1282_19,GMD,10,2025-08-30T03:00:00,,,,,,,,,,,,,26.792389119632453,
1282_19,GMD,11,2025-08-31T03:00:00,,,,,,,,,,,,,28.18560239967717,
1282_19,GMD,12,2025-09-01T03:00:00,,,,,,,,,,,,,29.98256948670749,
1282_19,GMD,13,2025-09-02T03:00:00,,,,,,,,,,,,,31.33372276437567,
1282_19,GMD,14,2025-09-03T03:00:00,,,,,,,,,,,,,33.93401907089281,
1282_19,GMD,15,2025-09-04T03:00:00,,,,,,,,,,,,,36.29947315417959,
1282_19,GMD,16,2025-09-05T03:00:00,,,,,,,,,,,,,37.70110186721906,
1282_19,GMD,17,2025-09-06T03:00:00,,,,,,,,,,,,,39.05167220870322,
1282_19,GMD,18,2025-09-07T03:00:00,,,,,,,,,,,,,41.86057423615287,
1282_19,GMD,19,2025-09-08T03:00:00,,,,,,,,,,,,,43.5310314182321,
1282_19,GMD,20,2025-09-09T03:00:00,,,,,,,,,,,,,45.24577081048295,
1282_19,GMD,21,2025-09-10T03:00:00,,,,,,,,,,,,,47.9486207812446,
1282_19,GMD,22,2025-09-11T03:00:00,,,,,,,,,,,,,49.30143066639072,
1282_19,GMD,23,2025-09-12T03:00:00,,,,,,,,,,,,,50.27643903131123,
1282_19,GMD,24,2025-09-13T03:00:00,,,,,,,,,,,,,51.97821977713187,
1282_19,GMD,25,2025-09-14T03:00:00,,,,,,,,,,,,,54.03784586041794,
1282_19,GMD,26,2025-09-15T03:00:00,,,,,,,,,,,,,54.36354026072707,
1282_19,GMD,27,2025-09-16T03:00:00,,,,,,,,,,,,,55.14154889230845,
1282_19,GMD,28,2025-09-17T03:00:00,,,,,,,,,,,,,55.23601669463683,
1282_19,GMD,29,2025-09-18T03:00:00,,,,,,,,,,,,,57.05370409067368,
1282_19,GMD,30,2025-09-19T03:00:00,,,,,,,,,,,,,59.56611419076913,
1282_19,GMD,31,2025-09-20T03:00:00,,,,,,,,,,,,,61.19145012691591,
1282_19,GMD,32,2025-09-21T03:00:00,,,,,,,,,,,,,60.919724574537724,
1282_19,GMD,33,2025-09-22T03:00:00,,,,,,,,,,,,,63.793125782088325,
1282_19,GMD,34,2025-09-23T03:00:00,,,,,,,,,,,,,63.73353281208113,
1282_19,GMD,35,2025-09-24T03:00:00,,,,,,,,,,,,,64.77278549627862,
1282_19,GMD,36,2025-09-25T03:00:00,,,,,,,,,,,,,67.21948489237003,
1282_19,GMD,37,2025-09-26T03:00:00,,,,,,,,,,,,,66.4728048890756,
1282_19,GMD,38,2025-09-27T03:00:00,,,,,,,,,,,,,66.33567889472765,
1282_19,GMD,39,2025-09-28T03:00:00,,,,,,,,,,,,,66.97539595301679,
1282_19,GMD,40,2025-09-29T03:00:00,,,,,,,,,,,,,68.17268069300789,
1282_19,GMD,41,2025-09-30T03:00:00,,,,,,,,,,,,,66.88116116135049,
1282_19,GMD,42,2025-10-01T03:00:00,,,,,,,,,,,,,,
1283_19,ConsumoRacao,42,2025-10-01T03:00:00,,,,,,,,,,8813.168,3539.482788085937,9668.301771308255,,
1283_19,ConsumoRacao,41,2025-09-30T03:00:00,,,,,,,,,,8601.313,4596.477783203125,9441.346330667217,,
1283_19,ConsumoRacao,40,2025-09-29T03:00:00,,,,,,,,,,8347.087,8057.1219482421875,9214.390890026178,,
1283_19,ConsumoRacao,39,2025-09-28T03:00:00,,,,,,,,,,8243.802,8779.167724609375,9071.437303056391,,
1283_19,ConsumoRacao,38,2025-09-27T03:00:00,,,,,,,,,,8166.96,9054.779296875,8942.666890874816,,
1283_19,ConsumoRacao,37,2025-09-26T03:00:00,,,,,,,,,,8044.872,7754.07177734375,8803.661706042565,,
1283_19,ConsumoRacao,36,2025-09-25T03:00:00,,,,,,,,,,7922.096,8847.7255859375,8673.326933719662,,
1283_19,ConsumoRacao,35,2025-09-24T03:00:00,,,,,,,,,,7827.491,8409.717163085938,8560.517280897853,,
1283_19,ConsumoRacao,34,2025-09-23T03:00:00,,,,,,,,,,7771.362,9321.0732421875,8419.409853190746,,
1283_19,ConsumoRacao,33,2025-09-22T03:00:00,,,,,,,,,,7668.18,8892.327514648438,8356.441143063548,,
1283_19,ConsumoRacao,32,2025-09-21T03:00:00,,,,,,,,,,7517.91,8028.953247070312,8243.33147596806,,
1283_19,ConsumoRacao,31,2025-09-20T03:00:00,,,,,,,,,,7417.639,7723.82958984375,8089.166998478588,,
1283_19,ConsumoRacao,30,2025-09-19T03:00:00,,,,,,,,,,7313.416,7109.96484375,7978.088856607733,,
1283_19,ConsumoRacao,29,2025-09-18T03:00:00,,,,,,,,,,7156.64,7172.38671875,7858.492452323468,,
1283_19,ConsumoRacao,28,2025-09-17T03:00:00,,,,,,,,,,6988.644,5384.6748046875,7678.822475653015,,
1283_19,ConsumoRacao,27,2025-09-16T03:00:00,,,,,,,,,,6727.2,,7495.042303433149,,
1283_19,ConsumoRacao,26,2025-09-15T03:00:00,,,,,,,,,,6488.928,,7241.16593912709,,
1283_19,ConsumoRacao,25,2025-09-14T03:00:00,,,,,,,,,,6180.755,,6959.69683347888,,
1283_19,ConsumoRacao,24,2025-09-13T03:00:00,,,,,,,,,,6004.95,,6626.515981843757,,
1283_19,ConsumoRacao,23,2025-09-12T03:00:00,,,,,,,,,,5786.88,,6451.28193050557,,
1283_19,ConsumoRacao,22,2025-09-11T03:00:00,,,,,,,,,,5569.194,,6208.752534621902,,
1283_19,ConsumoRacao,21,2025-09-10T03:00:00,,,,,,,,,,5350.946,2695.31884765625,5975.316785669379,,
1283_19,ConsumoRacao,20,2025-09-09T03:00:00,,,,,,,,,,5174.232,,5737.601547398723,,
1283_19,ConsumoRacao,19,2025-09-08T03:00:00,,,,,,,,,,4996.53,,5547.381783090229,,
1283_19,ConsumoRacao,18,2025-09-07T03:00:00,,,,,,,,,,4682.895,,5357.687043760675,,
1283_19,ConsumoRacao,17,2025-09-06T03:00:00,,,,,,,,,,4140.409,,5020.4956441741815,,
1283_19,ConsumoRacao,16,2025-09-05T03:00:00,,,,,,,,,,3871.41,,4440.166248320271,,
1283_19,ConsumoRacao,15,2025-09-04T03:00:00,,,,,,,,,,3554.616,,4149.77600394828,,
1283_19,ConsumoRacao,14,2025-09-03T03:00:00,,,,,,,,,,3373.956,,3809.868403705436,,
1283_19,ConsumoRacao,13,2025-09-02T03:00:00,,,,,,,,,,3284.208,,3616.076326581055,,
1283_19,ConsumoRacao,12,2025-09-01T03:00:00,,,,,,,,,,2920.704,,3520.041757576145,,
1283_19,ConsumoRacao,11,2025-08-31T03:00:00,,,,,,,,,,2601.993,,3129.817477719,,
1283_19,ConsumoRacao,10,2025-08-30T03:00:00,,,,,,,,,,2283.25,,2788.470880442041,,
1283_19,ConsumoRacao,9,2025-08-29T03:00:00,,,,,,,,,,1964.498,,2447.152141633353,,
1283_19,ConsumoRacao,8,2025-08-28T03:00:00,,,,,,,,,,1691.159,,2105.518387837301,,
1283_19,ConsumoRacao,7,2025-08-27T03:00:00,,,,,,,,,,1600.97,,1814.7777696528349,,
1283_19,ConsumoRacao,6,2025-08-26T03:00:00,,,,,,,,,,1419.304,,1719.0817881853634,,
1283_19,ConsumoRacao,5,2025-08-25T03:00:00,,,,,,,,,,1237.896,,1523.4124788913853,,
1283_19,ConsumoRacao,4,2025-08-24T03:00:00,,,,,,,,,,1055.056,,1326.843126776368,,
1283_19,ConsumoRacao,3,2025-08-23T03:00:00,,,,,,,,,,963.879,,1130.9391634611902,,
1283_19,ConsumoRacao,2,2025-08-22T03:00:00,,,,,,,,,,780.844,,1034.0816981627584,,
1283_19,ConsumoRacao,1,2025-08-21T03:00:00,,,,,,,,,,597.545,,837.1137556555664,,
1283_19,ConsumoRacao,0,2025-08-20T03:00:00,,,,,,,,,,0.0,,640.5219024700228,,
1282_19,ConsumoRacao,42,2025-10-01T03:00:00,,,,,,,,,,8907.392,168.0,9161.112761152142,,
1282_19,ConsumoRacao,41,2025-09-30T03:00:00,,,,,,,,,,8693.272,5094.0,8946.063165819933,,
1282_19,ConsumoRacao,40,2025-09-29T03:00:00,,,,,,,,,,8436.328,8395.0,8814.212690834298,,
1282_19,ConsumoRacao,39,2025-09-28T03:00:00,,,,,,,,,,8343.776,8385.0,8610.29126916189,,
1282_19,ConsumoRacao,38,2025-09-27T03:00:00,,,,,,,,,,8268.42,8343.0,8488.196781049697,,
1282_19,ConsumoRacao,37,2025-09-26T03:00:00,,,,,,,,,,8144.94,7418.0,8356.255898442707,,
1282_19,ConsumoRacao,36,2025-09-25T03:00:00,,,,,,,,,,8023.106,8251.0,8235.079549951843,,
1282_19,ConsumoRacao,35,2025-09-24T03:00:00,,,,,,,,,,7931.132,9137.0,8128.916893780834,,
1282_19,ConsumoRacao,34,2025-09-23T03:00:00,,,,,,,,,,7871.367,9259.0,7994.923758169062,,
1282_19,ConsumoRacao,33,2025-09-22T03:00:00,,,,,,,,,,7773.102,6675.0,7941.51093547192,,
1282_19,ConsumoRacao,32,2025-09-21T03:00:00,,,,,,,,,,7621.1,8493.0,7834.350781878617,,
1282_19,ConsumoRacao,31,2025-09-20T03:00:00,,,,,,,,,,7509.99,6808.0,7678.158557107436,,
1282_19,ConsumoRacao,30,2025-09-19T03:00:00,,,,,,,,,,7394.924,7899.0,7562.960161446456,,
1282_19,ConsumoRacao,29,2025-09-18T03:00:00,,,,,,,,,,7225.92,7675.0,7438.795338805211,,
1282_19,ConsumoRacao,28,2025-09-17T03:00:00,,,,,,,,,,7054.32,7005.0,7266.683336442358,,
1282_19,ConsumoRacao,27,2025-09-16T03:00:00,,,,,,,,,,6788.1,6979.0,7090.344275516548,,
1282_19,ConsumoRacao,26,2025-09-15T03:00:00,,,,,,,,,,6522.624,5559.0,6823.967259953141,,
1282_19,ConsumoRacao,25,2025-09-14T03:00:00,,,,,,,,,,6210.347,6702.0,6556.071396350953,,
1282_19,ConsumoRacao,24,2025-09-13T03:00:00,,,,,,,,,,6034.343,6429.0,6242.878300862016,,
1282_19,ConsumoRacao,23,2025-09-12T03:00:00,,,,,,,,,,5810.56,6836.0,6067.551805295393,,
1282_19,ConsumoRacao,22,2025-09-11T03:00:00,,,,,,,,,,5587.029,6463.0,5839.448353968499,,
1282_19,ConsumoRacao,21,2025-09-10T03:00:00,,,,,,,,,,5362.038,5314.0,5613.568930126962,,
1282_19,ConsumoRacao,20,2025-09-09T03:00:00,,,,,,,,,,5182.554,4943.0,5387.745759916492,,
1282_19,ConsumoRacao,19,2025-09-08T03:00:00,,,,,,,,,,5003.13,5078.0,5207.629669476252,,
1282_19,ConsumoRacao,18,2025-09-07T03:00:00,,,,,,,,,,4688.148,5967.0,5028.552262152481,,
1282_19,ConsumoRacao,17,2025-09-06T03:00:00,,,,,,,,,,4144.504,3962.0,4711.450543833584,,
1282_19,ConsumoRacao,16,2025-09-05T03:00:00,,,,,,,,,,3873.875,4810.0,4165.377461022775,,
1282_19,ConsumoRacao,15,2025-09-04T03:00:00,,,,,,,,,,3557.892,4001.0,3894.067202920708,,
1282_19,ConsumoRacao,14,2025-09-03T03:00:00,,,,,,,,,,3376.028,4384.0,3574.0061417960906,,
1282_19,ConsumoRacao,13,2025-09-02T03:00:00,,,,,,,,,,3285.432,3614.0,3391.392791948172,,
1282_19,ConsumoRacao,12,2025-09-01T03:00:00,,,,,,,,,,2921.28,3461.0,3300.746092660111,,
1282_19,ConsumoRacao,11,2025-08-31T03:00:00,,,,,,,,,,2602.62,3449.0,2934.9608747701186,,
1282_19,ConsumoRacao,10,2025-08-30T03:00:00,,,,,,,,,,2283.85,3374.11,2614.922917815404,,
1282_19,ConsumoRacao,9,2025-08-29T03:00:00,,,,,,,,,,1964.799,2960.78,2294.595656472349,,
1282_19,ConsumoRacao,8,2025-08-28T03:00:00,,,,,,,,,,1691.233,2547.16,1974.0433806050307,,
1282_19,ConsumoRacao,7,2025-08-27T03:00:00,,,,,,,,,,1600.48,2192.66,1699.301651007939,,
1282_19,ConsumoRacao,6,2025-08-26T03:00:00,,,,,,,,,,1418.467,2075.45,1610.5414574188412,,
1282_19,ConsumoRacao,5,2025-08-25T03:00:00,,,,,,,,,,1237.032,1840.63,1427.4137886583192,,
1282_19,ConsumoRacao,4,2025-08-24T03:00:00,,,,,,,,,,1054.458,1604.17,1243.2313643153104,,
1282_19,ConsumoRacao,3,2025-08-23T03:00:00,,,,,,,,,,963.543,1367.62,1059.903794258679,,
1282_19,ConsumoRacao,2,2025-08-22T03:00:00,,,,,,,,,,780.776,1249.92,969.468046087116,,
1282_19,ConsumoRacao,1,2025-08-21T03:00:00,,,,,,,,,,597.545,1012.66,784.8074658800463,,
1282_19,ConsumoRacao,0,2025-08-20T03:00:00,,,,,,,,,,0.0,774.84,600.4994753962651,,
1283_19,ConsumoEnergia,42,2025-10-01T03:00:00,466.081,281.901,,,,,,,,,,,,
1283_19,ConsumoEnergia,41,2025-09-30T03:00:00,466.081,266.75,,,,,,,,,,,,
1283_19,ConsumoEnergia,40,2025-09-29T03:00:00,466.081,300.807,,,,,,,,,,,,
1283_19,ConsumoEnergia,39,2025-09-28T03:00:00,469.854,281.423,,,,,,,,,,,,
1283_19,ConsumoEnergia,38,2025-09-27T03:00:00,472.824,260.966,,,,,,,,,,,,
1283_19,ConsumoEnergia,37,2025-09-26T03:00:00,432.52,219.16,,,,,,,,,,,,
1283_19,ConsumoEnergia,36,2025-09-25T03:00:00,435.28,205.394,,,,,,,,,,,,
1283_19,ConsumoEnergia,35,2025-09-24T03:00:00,393.561,221.476,,,,,,,,,,,,
1283_19,ConsumoEnergia,34,2025-09-23T03:00:00,395.154,179.584,,,,,,,,,,,,
1283_19,ConsumoEnergia,33,2025-09-22T03:00:00,396.63,141.081,,,,,,,,,,,,
1283_19,ConsumoEnergia,32,2025-09-21T03:00:00,398.007,254.142,,,,,,,,,,,,
1283_19,ConsumoEnergia,31,2025-09-20T03:00:00,399.753,216.48,,,,,,,,,,,,
1283_19,ConsumoEnergia,30,2025-09-19T03:00:00,401.346,201.63,,,,,,,,,,,,
1283_19,ConsumoEnergia,29,2025-09-18T03:00:00,357.832,185.226,,,,,,,,,,,,
1283_19,ConsumoEnergia,28,2025-09-17T03:00:00,358.392,195.028,,,,,,,,,,,,
1283_19,ConsumoEnergia,27,2025-09-16T03:00:00,358.784,180.239,,,,,,,,,,,,
1283_19,ConsumoEnergia,26,2025-09-15T03:00:00,315.434,212.27,,,,,,,,,,,,
1283_19,ConsumoEnergia,25,2025-09-14T03:00:00,315.805,197.413,,,,,,,,,,,,
1283_19,ConsumoEnergia,24,2025-09-13T03:00:00,316.05,156.888,,,,,,,,,,,,
1283_19,ConsumoEnergia,23,2025-09-12T03:00:00,271.26,189.13,,,,,,,,,,,,
1283_19,ConsumoEnergia,22,2025-09-11T03:00:00,271.668,141.875,,,,,,,,,,,,
1283_19,ConsumoEnergia,21,2025-09-10T03:00:00,272.082,128.896,,,,,,,,,,,,
1283_19,ConsumoEnergia,20,2025-09-09T03:00:00,226.94,99.454,,,,,,,,,,,,
1283_19,ConsumoEnergia,19,2025-09-08T03:00:00,227.115,183.727,,,,,,,,,,,,
1283_19,ConsumoEnergia,18,2025-09-07T03:00:00,181.86,121.14,,,,,,,,,,,,
1283_19,ConsumoEnergia,17,2025-09-06T03:00:00,181.996,138.357,,,,,,,,,,,,
1283_19,ConsumoEnergia,16,2025-09-05T03:00:00,182.184,173.239,,,,,,,,,,,,
1283_19,ConsumoEnergia,15,2025-09-04T03:00:00,136.716,140.401,,,,,,,,,,,,
1283_19,ConsumoEnergia,14,2025-09-03T03:00:00,136.782,184.004,,,,,,,,,,,,
1283_19,ConsumoEnergia,13,2025-09-02T03:00:00,136.842,177.562,,,,,,,,,,,,
1283_19,ConsumoEnergia,12,2025-09-01T03:00:00,136.908,171.605,,,,,,,,,,,,
1283_19,ConsumoEnergia,11,2025-08-31T03:00:00,136.947,174.575,,,,,,,,,,,,
1283_19,ConsumoEnergia,10,2025-08-30T03:00:00,136.995,170.687,,,,,,,,,,,,
1283_19,ConsumoEnergia,9,2025-08-29T03:00:00,137.058,147.646,,,,,,,,,,,,
1283_19,ConsumoEnergia,8,2025-08-28T03:00:00,137.121,150.792,,,,,,,,,,,,
1283_19,ConsumoEnergia,7,2025-08-27T03:00:00,137.226,130.568,,,,,,,,,,,,
1283_19,ConsumoEnergia,6,2025-08-26T03:00:00,137.352,117.454,,,,,,,,,,,,
1283_19,ConsumoEnergia,5,2025-08-25T03:00:00,91.696,111.385,,,,,,,,,,,,
1283_19,ConsumoEnergia,4,2025-08-24T03:00:00,91.744,105.857,,,,,,,,,,,,
1283_19,ConsumoEnergia,3,2025-08-23T03:00:00,91.798,133.924,,,,,,,,,,,,
1283_19,ConsumoEnergia,2,2025-08-22T03:00:00,91.864,131.877,,,,,,,,,,,,
1283_19,ConsumoEnergia,1,2025-08-21T03:00:00,91.93,194.563,,,,,,,,,,,,
1283_19,ConsumoEnergia,0,2025-08-20T03:00:00,0.0,129.684,,,,,,,,,,,,
1282_19,ConsumoEnergia,42,2025-10-01T03:00:00,471.064,217.854,,,,,,,,,,,,
1282_19,ConsumoEnergia,41,2025-09-30T03:00:00,471.064,441.291,,,,,,,,,,,,
1282_19,ConsumoEnergia,40,2025-09-29T03:00:00,471.064,449.141,,,,,,,,,,,,
1282_19,ConsumoEnergia,39,2025-09-28T03:00:00,475.552,409.938,,,,,,,,,,,,
1282_19,ConsumoEnergia,38,2025-09-27T03:00:00,478.698,362.564,,,,,,,,,,,,
1282_19,ConsumoEnergia,37,2025-09-26T03:00:00,437.9,326.697,,,,,,,,,,,,
1282_19,ConsumoEnergia,36,2025-09-25T03:00:00,440.83,305.84,,,,,,,,,,,,
1282_19,ConsumoEnergia,35,2025-09-24T03:00:00,398.772,315.799,,,,,,,,,,,,
1282_19,ConsumoEnergia,34,2025-09-23T03:00:00,400.239,257.302,,,,,,,,,,,,
1282_19,ConsumoEnergia,33,2025-09-22T03:00:00,402.057,215.01,,,,,,,,,,,,
1282_19,ConsumoEnergia,32,2025-09-21T03:00:00,403.47,382.866,,,,,,,,,,,,
1282_19,ConsumoEnergia,31,2025-09-20T03:00:00,404.73,317.79,,,,,,,,,,,,
1282_19,ConsumoEnergia,30,2025-09-19T03:00:00,405.819,313.142,,,,,,,,,,,,
1282_19,ConsumoEnergia,29,2025-09-18T03:00:00,361.296,275.121,,,,,,,,,,,,
1282_19,ConsumoEnergia,28,2025-09-17T03:00:00,361.76,297.61,,,,,,,,,,,,
1282_19,ConsumoEnergia,27,2025-09-16T03:00:00,362.032,269.651,,,,,,,,,,,,
1282_19,ConsumoEnergia,26,2025-09-15T03:00:00,317.072,252.004,,,,,,,,,,,,
1282_19,ConsumoEnergia,25,2025-09-14T03:00:00,317.317,220.529,,,,,,,,,,,,
1282_19,ConsumoEnergia,24,2025-09-13T03:00:00,317.597,184.059,,,,,,,,,,,,
1282_19,ConsumoEnergia,23,2025-09-12T03:00:00,272.37,235.475,,,,,,,,,,,,
1282_19,ConsumoEnergia,22,2025-09-11T03:00:00,272.538,163.169,,,,,,,,,,,,
1282_19,ConsumoEnergia,21,2025-09-10T03:00:00,272.646,144.812,,,,,,,,,,,,
1282_19,ConsumoEnergia,20,2025-09-09T03:00:00,227.305,97.766,,,,,,,,,,,,
1282_19,ConsumoEnergia,19,2025-09-08T03:00:00,227.415,164.191,,,,,,,,,,,,
1282_19,ConsumoEnergia,18,2025-09-07T03:00:00,182.064,105.912,,,,,,,,,,,,
1282_19,ConsumoEnergia,17,2025-09-06T03:00:00,182.176,70.814,,,,,,,,,,,,
1282_19,ConsumoEnergia,16,2025-09-05T03:00:00,182.3,63.636,,,,,,,,,,,,
1282_19,ConsumoEnergia,15,2025-09-04T03:00:00,136.842,78.216,,,,,,,,,,,,
1282_19,ConsumoEnergia,14,2025-09-03T03:00:00,136.866,119.327,,,,,,,,,,,,
1282_19,ConsumoEnergia,13,2025-09-02T03:00:00,136.893,102.542,,,,,,,,,,,,
1282_19,ConsumoEnergia,12,2025-09-01T03:00:00,136.935,54.66,,,,,,,,,,,,
1282_19,ConsumoEnergia,11,2025-08-31T03:00:00,136.98,76.333,,,,,,,,,,,,
1282_19,ConsumoEnergia,10,2025-08-30T03:00:00,137.031,87.997,,,,,,,,,,,,
1282_19,ConsumoEnergia,9,2025-08-29T03:00:00,137.079,70.359,,,,,,,,,,,,
1282_19,ConsumoEnergia,8,2025-08-28T03:00:00,137.127,50.796,,,,,,,,,,,,
1282_19,ConsumoEnergia,7,2025-08-27T03:00:00,137.184,44.555,,,,,,,,,,,,
1282_19,ConsumoEnergia,6,2025-08-26T03:00:00,137.271,40.434,,,,,,,,,,,,
1282_19,ConsumoEnergia,5,2025-08-25T03:00:00,91.632,33.296,,,,,,,,,,,,
1282_19,ConsumoEnergia,4,2025-08-24T03:00:00,91.692,33.217,,,,,,,,,,,,
1282_19,ConsumoEnergia,3,2025-08-23T03:00:00,91.766,45.056,,,,,,,,,,,,
1282_19,ConsumoEnergia,2,2025-08-22T03:00:00,91.856,66.18,,,,,,,,,,,,
1282_19,ConsumoEnergia,1,2025-08-21T03:00:00,91.93,51.467,,,,,,,,,,,,
1282_19,ConsumoEnergia,0,2025-08-20T03:00:00,0.0,46.306,,,,,,,,,,,,
1283_19,Mortalidade,42,2025-10-01T03:00:00,,,,,,,,0.15,,,,,,
1283_19,Mortalidade,41,2025-09-30T03:00:00,,,,,,,,0.15,,,,,,
1283_19,Mortalidade,40,2025-09-29T03:00:00,,,,,,343.0,0.8095159425078473,0.15,,,,,,
1283_19,Mortalidade,39,2025-09-28T03:00:00,,,,,,270.0,0.6321112515802781,0.15,,,,,,
1283_19,Mortalidade,38,2025-09-27T03:00:00,,,,,,268.0,0.6234878094174576,0.15,,,,,,
1283_19,Mortalidade,37,2025-09-26T03:00:00,,,,,,276.0,0.6381207805419402,0.15,,,,,,
1283_19,Mortalidade,36,2025-09-25T03:00:00,,,,,,201.0,0.4617717331372909,0.15,,,,,,
1283_19,Mortalidade,35,2025-09-24T03:00:00,,,,,,177.0,0.4047657161151639,0.05,,,,,,
1283_19,Mortalidade,34,2025-09-23T03:00:00,,,,,,164.0,0.37352525850681,0.05,,,,,,
1283_19,Mortalidade,33,2025-09-22T03:00:00,,,,,,153.0,0.3471749489448604,0.05,,,,,,
1283_19,Mortalidade,32,2025-09-21T03:00:00,,,,,,194.0,0.4386857517581349,0.05,,,,,,
1283_19,Mortalidade,31,2025-09-20T03:00:00,,,,,,177.0,0.3984960713240426,0.05,,,,,,
1283_19,Mortalidade,30,2025-09-19T03:00:00,,,,,,135.0,0.302731309144728,0.05,,,,,,
1283_19,Mortalidade,29,2025-09-18T03:00:00,,,,,,70.0,0.156498021417872,0.05,,,,,,
1283_19,Mortalidade,28,2025-09-17T03:00:00,,,,,,49.0,0.1093774414607468,0.05,,,,,,
1283_19,Mortalidade,27,2025-09-16T03:00:00,,,,,,214.0,0.4771673207277916,0.05,,,,,,
1283_19,Mortalidade,26,2025-09-15T03:00:00,,,,,,53.0,0.117615729439439,0.05,,,,,,
1283_19,Mortalidade,25,2025-09-14T03:00:00,,,,,,35.0,0.0775795190069821,0.05,,,,,,
1283_19,Mortalidade,24,2025-09-13T03:00:00,,,,,,60.0,0.132890365448505,0.05,,,,,,
1283_19,Mortalidade,23,2025-09-12T03:00:00,,,,,,68.0,0.150409201504092,0.05,,,,,,
1283_19,Mortalidade,22,2025-09-11T03:00:00,,,,,,69.0,0.1523918901011528,0.05,,,,,,
1283_19,Mortalidade,21,2025-09-10T03:00:00,,,,,,41.0,0.0904139193331422,0.05,,,,,,
1283_19,Mortalidade,20,2025-09-09T03:00:00,,,,,,35.0,0.0771128932757557,0.05,,,,,,
1283_19,Mortalidade,19,2025-09-08T03:00:00,,,,,,42.0,0.092464170134073,0.05,,,,,,
1283_19,Mortalidade,18,2025-09-07T03:00:00,,,,,,34.0,0.0747827999560101,0.05,,,,,,
1283_19,Mortalidade,17,2025-09-06T03:00:00,,,,,,47.0,0.1032989736038154,0.05,,,,,,
1283_19,Mortalidade,16,2025-09-05T03:00:00,,,,,,26.0,0.0570851446888859,0.05,,,,,,
1283_19,Mortalidade,15,2025-09-04T03:00:00,,,,,,22.0,0.0482752567365926,0.05,,,,,,
1283_19,Mortalidade,14,2025-09-03T03:00:00,,,,,,20.0,0.0438654208887134,0.05,,,,,,
1283_19,Mortalidade,13,2025-09-02T03:00:00,,,,,,22.0,0.0482308063313894,0.05,,,,,,
1283_19,Mortalidade,12,2025-09-01T03:00:00,,,,,,13.0,0.0284862827592251,0.05,,,,,,
1283_19,Mortalidade,11,2025-08-31T03:00:00,,,,,,16.0,0.0350500558610265,0.05,,,,,,
1283_19,Mortalidade,10,2025-08-30T03:00:00,,,,,,21.0,0.0459870798204314,0.05,,,,,,
1283_19,Mortalidade,9,2025-08-29T03:00:00,,,,,,21.0,0.0459659414262575,0.05,,,,,,
1283_19,Mortalidade,8,2025-08-28T03:00:00,,,,,,35.0,0.0765747040934649,0.05,,,,,,
1283_19,Mortalidade,7,2025-08-27T03:00:00,,,,,,42.0,0.0918193345284421,0.15,,,,,,
1283_19,Mortalidade,6,2025-08-26T03:00:00,,,,,,64.0,0.1397868250917351,0.15,,,,,,
1283_19,Mortalidade,5,2025-08-25T03:00:00,,,,,,24.0,0.052346885360321,0.15,,,,,,
1283_19,Mortalidade,4,2025-08-24T03:00:00,,,,,,27.0,0.0588594349494244,0.15,,,,,,
1283_19,Mortalidade,3,2025-08-23T03:00:00,,,,,,33.0,0.0718969912198522,0.15,,,,,,
1283_19,Mortalidade,2,2025-08-22T03:00:00,,,,,,33.0,0.0718453365845162,0.15,,,,,,
1283_19,Mortalidade,1,2025-08-21T03:00:00,,,,,,27.0,0.0587403459153703,0.15,,,,,,
1283_19,Mortalidade,0,2025-08-20T03:00:00,,,,,,,,0.15,,,,,,
1282_19,Mortalidade,42,2025-10-01T03:00:00,,,,,,,,0.15,,,,,,
1282_19,Mortalidade,41,2025-09-30T03:00:00,,,,,,,,0.15,,,,,,
1282_19,Mortalidade,40,2025-09-29T03:00:00,,,,,,408.0,0.9527367831122736,0.15,,,,,,
1282_19,Mortalidade,39,2025-09-28T03:00:00,,,,,,286.0,0.6615470022205774,0.15,,,,,,
1282_19,Mortalidade,38,2025-09-27T03:00:00,,,,,,272.0,0.6250287237464957,0.15,,,,,,
1282_19,Mortalidade,37,2025-09-26T03:00:00,,,,,,293.0,0.6691025348253026,0.15,,,,,,
1282_19,Mortalidade,36,2025-09-25T03:00:00,,,,,,225.0,0.510400834788921,0.15,,,,,,
1282_19,Mortalidade,35,2025-09-24T03:00:00,,,,,,163.0,0.3678793897264602,0.05,,,,,,
1282_19,Mortalidade,34,2025-09-23T03:00:00,,,,,,202.0,0.4542285984124485,0.05,,,,,,
1282_19,Mortalidade,33,2025-09-22T03:00:00,,,,,,157.0,0.3514427058849864,0.05,,,,,,
1282_19,Mortalidade,32,2025-09-21T03:00:00,,,,,,140.0,0.3122908766451037,0.05,,,,,,
1282_19,Mortalidade,31,2025-09-20T03:00:00,,,,,,121.0,0.2690682677340449,0.05,,,,,,
1282_19,Mortalidade,30,2025-09-19T03:00:00,,,,,,71.0,0.1574593599609678,0.05,,,,,,
1282_19,Mortalidade,29,2025-09-18T03:00:00,,,,,,58.0,0.1284265532970196,0.05,,,,,,
1282_19,Mortalidade,28,2025-09-17T03:00:00,,,,,,34.0,0.075187969924812,0.05,,,,,,
1282_19,Mortalidade,27,2025-09-16T03:00:00,,,,,,42.0,0.092809475405489,0.05,,,,,,
1282_19,Mortalidade,26,2025-09-15T03:00:00,,,,,,35.0,0.0772695160720593,0.05,,,,,,
1282_19,Mortalidade,25,2025-09-14T03:00:00,,,,,,40.0,0.0882398358739052,0.05,,,,,,
1282_19,Mortalidade,24,2025-09-13T03:00:00,,,,,,24.0,0.0528972250997333,0.05,,,,,,
1282_19,Mortalidade,23,2025-09-12T03:00:00,,,,,,28.0,0.061680801850424,0.05,,,,,,
1282_19,Mortalidade,22,2025-09-11T03:00:00,,,,,,18.0,0.0396275014860313,0.05,,,,,,
1282_19,Mortalidade,21,2025-09-10T03:00:00,,,,,,20.0,0.0440131159085407,0.05,,,,,,
1282_19,Mortalidade,20,2025-09-09T03:00:00,,,,,,22.0,0.048393128175799,0.05,,,,,,
1282_19,Mortalidade,19,2025-09-08T03:00:00,,,,,,33.0,0.0725545808323989,0.05,,,,,,
1282_19,Mortalidade,18,2025-09-07T03:00:00,,,,,,28.0,0.0615168292468582,0.05,,,,,,
1282_19,Mortalidade,17,2025-09-06T03:00:00,,,,,,31.0,0.0680660460214298,0.05,,,,,,
1282_19,Mortalidade,16,2025-09-05T03:00:00,,,,,,39.0,0.0855732309380142,0.05,,,,,,
1282_19,Mortalidade,15,2025-09-04T03:00:00,,,,,,8.0,0.0175384750295961,0.05,,,,,,
1282_19,Mortalidade,14,2025-09-03T03:00:00,,,,,,9.0,0.0197273245364078,0.05,,,,,,
1282_19,Mortalidade,13,2025-09-02T03:00:00,,,,,,14.0,0.0306808967587824,0.05,,,,,,
1282_19,Mortalidade,12,2025-09-01T03:00:00,,,,,,15.0,0.0328623069339467,0.05,,,,,,
1282_19,Mortalidade,11,2025-08-31T03:00:00,,,,,,17.0,0.0372317126587823,0.05,,,,,,
1282_19,Mortalidade,10,2025-08-30T03:00:00,,,,,,16.0,0.035028570177551,0.05,,,,,,
1282_19,Mortalidade,9,2025-08-29T03:00:00,,,,,,16.0,0.0350163044667673,0.05,,,,,,
1282_19,Mortalidade,8,2025-08-28T03:00:00,,,,,,19.0,0.0415673062197816,0.05,,,,,,
1282_19,Mortalidade,7,2025-08-27T03:00:00,,,,,,29.0,0.0634184744576627,0.15,,,,,,
1282_19,Mortalidade,6,2025-08-26T03:00:00,,,,,,59.0,0.1289420198002491,0.15,,,,,,
1282_19,Mortalidade,5,2025-08-25T03:00:00,,,,,,30.0,0.0654793085385018,0.15,,,,,,
1282_19,Mortalidade,4,2025-08-24T03:00:00,,,,,,37.0,0.0807049688086201,0.15,,,,,,
1282_19,Mortalidade,3,2025-08-23T03:00:00,,,,,,45.0,0.0980755399603339,0.15,,,,,,
1282_19,Mortalidade,2,2025-08-22T03:00:00,,,,,,37.0,0.0805608778958369,0.15,,,,,,
1282_19,Mortalidade,1,2025-08-21T03:00:00,,,,,,27.0,0.0587403459153703,0.15,,,,,,
1282_19,Mortalidade,0,2025-08-20T03:00:00,,,,,,,,0.15,,,,,,
1283_20,GMD,42,2025-12-05T03:00:00,,,,,,,,,,,,,,
1283_20,GMD,41,2025-12-04T03:00:00,,,,,,,,,,,,,73.21338316738273,
1283_20,GMD,40,2025-12-03T03:00:00,,,,,,,,,,,,,75.6930860778279,
1283_20,GMD,39,2025-12-02T03:00:00,,,,,,,,,,,,,75.5167931519327,
1283_20,GMD,38,2025-12-01T03:00:00,,,,,,,,,,,,,72.37883893853471,
1283_20,GMD,37,2025-11-30T03:00:00,,,,,,,,,,,,,71.77482629973454,
1283_20,GMD,36,2025-11-29T03:00:00,,,,,,,,,,,,,71.1794633984527,
1283_20,GMD,35,2025-11-28T03:00:00,,,,,,,,,,,,,68.82136892164257,
1283_20,GMD,34,2025-11-27T03:00:00,,,,,,,,,,,,,67.68599161381943,
1283_20,GMD,33,2025-11-26T03:00:00,,,,,,,,,,,,,60.66447270718312,
1283_20,GMD,32,2025-11-25T03:00:00,,,,,,,,,,,,,46.31045945462856,
1283_20,GMD,31,2025-11-24T03:00:00,,,,,,,,,,,,,58.20036991573449,
1283_20,GMD,30,2025-11-23T03:00:00,,,,,,,,,,,,,57.96959143047807,
1283_20,GMD,29,2025-11-22T03:00:00,,,,,,,,,,,,,57.08845893081935,
1283_20,GMD,28,2025-11-21T03:00:00,,,,,,,,,,,,,57.0506214107786,
1283_20,GMD,27,2025-11-20T03:00:00,,,,,,,,,,,,,56.411415197750586,
1283_20,GMD,26,2025-11-19T03:00:00,,,,,,,,,,,,,53.274864918710506,
1283_20,GMD,25,2025-11-18T03:00:00,,,,,,,,,,,,,41.51103092772237,
1283_20,GMD,24,2025-11-17T03:00:00,,,,,,,,,,,,,45.90357551561005,
1283_20,GMD,23,2025-11-16T03:00:00,,,,,,,,,,,,,45.596173181295214,
1283_20,GMD,22,2025-11-15T03:00:00,,,,,,,,,,,,,42.43910939778356,
1283_20,GMD,21,2025-11-14T03:00:00,,,,,,,,,,,,,43.92536417399945,
1283_20,GMD,20,2025-11-13T03:00:00,,,,,,,,,,,,,42.90873372502414,
1283_20,GMD,19,2025-11-12T03:00:00,,,,,,,,,,,,,41.83256206827233,
1283_20,GMD,18,2025-11-11T03:00:00,,,,,,,,,,,,,40.40669654117641,
1283_20,GMD,17,2025-11-10T03:00:00,,,,,,,,,,,,,40.047771990894674,
1283_20,GMD,16,2025-11-09T03:00:00,,,,,,,,,,,,,37.590078091382246,
1283_20,GMD,15,2025-11-08T03:00:00,,,,,,,,,,,,,37.470197761791376,
1283_20,GMD,14,2025-11-07T03:00:00,,,,,,,,,,,,,35.19728550492794,
1283_20,GMD,13,2025-11-06T03:00:00,,,,,,,,,,,,,34.170175819155176,
1283_20,GMD,12,2025-11-05T03:00:00,,,,,,,,,,,,,31.422379376959714,
1283_20,GMD,11,2025-11-04T03:00:00,,,,,,,,,,,,,28.84865768555244,
1283_20,GMD,10,2025-11-03T03:00:00,,,,,,,,,,,,,27.123982712052804,
1283_20,GMD,9,2025-11-02T03:00:00,,,,,,,,,,,,,26.482780581004523,
1283_20,GMD,8,2025-11-01T03:00:00,,,,,,,,,,,,,23.52062417309453,
1283_20,GMD,7,2025-10-31T03:00:00,,,,,,,,,,,,,23.686396144148667,
1283_20,GMD,6,2025-10-30T03:00:00,,,,,,,,,,,,,22.927871148971303,
1283_20,GMD,5,2025-10-29T03:00:00,,,,,,,,,,,,,21.30115823292694,
1283_20,GMD,4,2025-10-28T03:00:00,,,,,,,,,,,,,22.157319962546868,
1283_20,GMD,3,2025-10-27T03:00:00,,,,,,,,,,,,,21.99771422104263,
1283_20,GMD,2,2025-10-26T03:00:00,,,,,,,,,,,,,19.643096430689017,
1283_20,GMD,1,2025-10-25T03:00:00,,,,,,,,,,,,,13.344400651923811,
1283_20,GMD,0,2025-10-24T03:00:00,,,,,,,,,,,,,,
1282_20,GMD,42,2025-12-05T03:00:00,,,,,,,,,,,,,,
1282_20,GMD,41,2025-12-04T03:00:00,,,,,,,,,,,,,64.79296044101095,
1282_20,GMD,40,2025-12-03T03:00:00,,,,,,,,,,,,,60.86620601239751,
1282_20,GMD,39,2025-12-02T03:00:00,,,,,,,,,,,,,61.75064612009807,
1282_20,GMD,38,2025-12-01T03:00:00,,,,,,,,,,,,,62.360550578423954,
1282_20,GMD,37,2025-11-30T03:00:00,,,,,,,,,,,,,63.322659933291526,
1282_20,GMD,36,2025-11-29T03:00:00,,,,,,,,,,,,,63.17919527900156,
1282_20,GMD,35,2025-11-28T03:00:00,,,,,,,,,,,,,62.64723119304121,
1282_20,GMD,34,2025-11-27T03:00:00,,,,,,,,,,,,,62.03535645337856,
1282_20,GMD,33,2025-11-26T03:00:00,,,,,,,,,,,,,61.44338937282389,
1282_20,GMD,32,2025-11-25T03:00:00,,,,,,,,,,,,,62.20770686894215,
1282_20,GMD,31,2025-11-24T03:00:00,,,,,,,,,,,,,60.38820837731101,
1282_20,GMD,30,2025-11-23T03:00:00,,,,,,,,,,,,,59.68986817721663,
1282_20,GMD,29,2025-11-22T03:00:00,,,,,,,,,,,,,58.46192523902228,
1282_20,GMD,28,2025-11-21T03:00:00,,,,,,,,,,,,,56.54765123420441,
1282_20,GMD,27,2025-11-20T03:00:00,,,,,,,,,,,,,57.615437782986334,
1282_20,GMD,26,2025-11-19T03:00:00,,,,,,,,,,,,,56.47439673547655,
1282_20,GMD,25,2025-11-18T03:00:00,,,,,,,,,,,,,55.87200348818825,
1282_20,GMD,24,2025-11-17T03:00:00,,,,,,,,,,,,,54.13456698382411,
1282_20,GMD,23,2025-11-16T03:00:00,,,,,,,,,,,,,50.20743478630164,
1282_20,GMD,22,2025-11-15T03:00:00,,,,,,,,,,,,,48.67890966888583,
1282_20,GMD,21,2025-11-14T03:00:00,,,,,,,,,,,,,47.083181071591056,
1282_20,GMD,20,2025-11-13T03:00:00,,,,,,,,,,,,,42.32406037721319,
1282_20,GMD,19,2025-11-12T03:00:00,,,,,,,,,,,,,40.54578121085712,
1282_20,GMD,18,2025-11-11T03:00:00,,,,,,,,,,,,,38.907569949337415,
1282_20,GMD,17,2025-11-10T03:00:00,,,,,,,,,,,,,38.05631837365405,
1282_20,GMD,16,2025-11-09T03:00:00,,,,,,,,,,,,,37.41588369880389,
1282_20,GMD,15,2025-11-08T03:00:00,,,,,,,,,,,,,35.2278869509697,
1282_20,GMD,14,2025-11-07T03:00:00,,,,,,,,,,,,,35.79400202567443,
1282_20,GMD,13,2025-11-06T03:00:00,,,,,,,,,,,,,32.99674329750464,
1282_20,GMD,12,2025-11-05T03:00:00,,,,,,,,,,,,,31.03957301041805,
1282_20,GMD,11,2025-11-04T03:00:00,,,,,,,,,,,,,29.57657117405016,
1282_20,GMD,10,2025-11-03T03:00:00,,,,,,,,,,,,,27.97503462798725,
1282_20,GMD,9,2025-11-02T03:00:00,,,,,,,,,,,,,26.74459996542954,
1282_20,GMD,8,2025-11-01T03:00:00,,,,,,,,,,,,,25.012780719421286,
1282_20,GMD,7,2025-10-31T03:00:00,,,,,,,,,,,,,24.63177441053919,
1282_20,GMD,6,2025-10-30T03:00:00,,,,,,,,,,,,,24.33144279591202,
1282_20,GMD,5,2025-10-29T03:00:00,,,,,,,,,,,,,22.65382439628186,
1282_20,GMD,4,2025-10-28T03:00:00,,,,,,,,,,,,,22.49912182246412,
1282_20,GMD,3,2025-10-27T03:00:00,,,,,,,,,,,,,22.35936500628789,
1282_20,GMD,2,2025-10-26T03:00:00,,,,,,,,,,,,,16.875444024801254,
1282_20,GMD,1,2025-10-25T03:00:00,,,,,,,,,,,,,19.4868558049202,
1282_20,GMD,0,2025-10-24T03:00:00,,,,,,,,,,,,,,
1282_20,ConsumoRacao,42,2025-12-05T03:00:00,,,,,,,,,,8760.128,160.0,11276.79905865355,,
1282_20,ConsumoRacao,41,2025-12-04T03:00:00,,,,,,,,,,8587.103,6104.0,11012.085465727412,,
1282_20,ConsumoRacao,40,2025-12-03T03:00:00,,,,,,,,,,8342.359,9173.0,10767.445694863673,,
1282_20,ConsumoRacao,39,2025-12-02T03:00:00,,,,,,,,,,8179.34,6599.0,10449.1960684145,,
1282_20,ConsumoRacao,38,2025-12-01T03:00:00,,,,,,,,,,8059.23,8734.0,10258.53043282112,,
1282_20,ConsumoRacao,37,2025-11-30T03:00:00,,,,,,,,,,7899.234,7817.0,10106.68186375995,,
1282_20,ConsumoRacao,36,2025-11-29T03:00:00,,,,,,,,,,7735.182,8934.0,9903.45522521114,,
1282_20,ConsumoRacao,35,2025-11-28T03:00:00,,,,,,,,,,7615.018,9385.0,9690.47769348617,,
1282_20,ConsumoRacao,34,2025-11-27T03:00:00,,,,,,,,,,7534.005,8780.0,9546.8767027482,,
1282_20,ConsumoRacao,33,2025-11-26T03:00:00,,,,,,,,,,7414.836,7406.0,9446.632764364003,,
1282_20,ConsumoRacao,32,2025-11-25T03:00:00,,,,,,,,,,7249.31,8484.0,9291.74752433424,,
1282_20,ConsumoRacao,31,2025-11-24T03:00:00,,,,,,,,,,7125.389,7448.0,9078.144132970234,,
1282_20,ConsumoRacao,30,2025-11-23T03:00:00,,,,,,,,,,7001.816,7801.0,8930.901890852361,,
1282_20,ConsumoRacao,29,2025-11-22T03:00:00,,,,,,,,,,6836.64,7933.0,8770.466527543636,,
1282_20,ConsumoRacao,28,2025-11-21T03:00:00,,,,,,,,,,6672.276,5020.0,8564.964263347298,,
1282_20,ConsumoRacao,27,2025-11-20T03:00:00,,,,,,,,,,6420.9,1510.0,8357.674544021875,,
1282_20,ConsumoRacao,26,2025-11-19T03:00:00,,,,,,,,,,6167.52,7111.0,8040.731712499007,,
1282_20,ConsumoRacao,25,2025-11-18T03:00:00,,,,,,,,,,5872.642,6747.0,7725.591356736559,,
1282_20,ConsumoRacao,24,2025-11-17T03:00:00,,,,,,,,,,5706.232,7361.0,7356.558227456828,,
1282_20,ConsumoRacao,23,2025-11-16T03:00:00,,,,,,,,,,5496.448,5385.0,7147.9279167845925,,
1282_20,ConsumoRacao,22,2025-11-15T03:00:00,,,,,,,,,,5285.31,5845.0,6883.855204128824,,
1282_20,ConsumoRacao,21,2025-11-14T03:00:00,,,,,,,,,,5081.552,5717.0,6629.426988510581,,
1282_20,ConsumoRacao,20,2025-11-13T03:00:00,,,,,,,,,,4911.918,5331.0,6363.335252659288,,
1282_20,ConsumoRacao,19,2025-11-12T03:00:00,,,,,,,,,,4742.32,5158.0,6151.196372850623,,
1282_20,ConsumoRacao,18,2025-11-11T03:00:00,,,,,,,,,,4444.038,4683.0,5940.046351271634,,
1282_20,ConsumoRacao,17,2025-11-10T03:00:00,,,,,,,,,,3928.561,4240.0,5565.266578786286,,
1282_20,ConsumoRacao,16,2025-11-09T03:00:00,,,,,,,,,,3674.125,4395.0,4927.707119659416,,
1282_20,ConsumoRacao,15,2025-11-08T03:00:00,,,,,,,,,,3374.748,2505.0,4602.8033535280265,,
1282_20,ConsumoRacao,14,2025-11-07T03:00:00,,,,,,,,,,3204.644,433.0,4227.654323855648,,
1282_20,ConsumoRacao,13,2025-11-06T03:00:00,,,,,,,,,,3120.696,2714.0,4014.278745400251,,
1282_20,ConsumoRacao,12,2025-11-05T03:00:00,,,,,,,,,,2776.96,3176.0,3916.329208452756,,
1282_20,ConsumoRacao,11,2025-11-04T03:00:00,,,,,,,,,,2477.22,1900.0,3481.181518624672,,
1282_20,ConsumoRacao,10,2025-11-03T03:00:00,,,,,,,,,,2174.8,3663.37,3102.995817983697,,
1282_20,ConsumoRacao,9,2025-11-02T03:00:00,,,,,,,,,,1872.607,3217.4,2725.2432122129344,,
1282_20,ConsumoRacao,8,2025-11-01T03:00:00,,,,,,,,,,1612.201,2768.49,2345.000936798091,,
1282_20,ConsumoRacao,7,2025-10-31T03:00:00,,,,,,,,,,1526.315,2384.16,2019.4587938348857,,
1282_20,ConsumoRacao,6,2025-10-30T03:00:00,,,,,,,,,,1353.615,2258.18,1912.752228818016,,
1282_20,ConsumoRacao,5,2025-10-29T03:00:00,,,,,,,,,,1180.008,2001.89,1695.6653027031432,,
1282_20,ConsumoRacao,4,2025-10-28T03:00:00,,,,,,,,,,1006.181,1745.29,1479.8438647783985,,
1282_20,ConsumoRacao,3,2025-10-27T03:00:00,,,,,,,,,,919.632,1488.26,1260.6077366630802,,
1282_20,ConsumoRacao,2,2025-10-26T03:00:00,,,,,,,,,,745.501,1360.74,1154.249149605514,,
1282_20,ConsumoRacao,1,2025-10-25T03:00:00,,,,,,,,,,570.908,1103.13,934.3921687282732,,
1282_20,ConsumoRacao,0,2025-10-24T03:00:00,,,,,,,,,,0.0,845.09,715.8207035496099,,
1283_20,ConsumoRacao,42,2025-12-05T03:00:00,,,,,,,,,,8562.32,321.745361328125,8283.68733369517,,
1283_20,ConsumoRacao,41,2025-12-04T03:00:00,,,,,,,,,,8378.013,7954.107421875,8089.234579383077,,
1283_20,ConsumoRacao,40,2025-12-03T03:00:00,,,,,,,,,,8143.783,9247.3984375,7920.608023248375,,
1283_20,ConsumoRacao,39,2025-12-02T03:00:00,,,,,,,,,,7991.358,8148.2568359375,7686.501382167143,,
1283_20,ConsumoRacao,38,2025-12-01T03:00:00,,,,,,,,,,7881.39,8886.811279296875,7560.622579198821,,
1283_20,ConsumoRacao,37,2025-11-30T03:00:00,,,,,,,,,,7732.392,8198.0341796875,7473.53914570208,,
1283_20,ConsumoRacao,36,2025-11-29T03:00:00,,,,,,,,,,7597.044,8179.57568359375,7343.195298874444,,
1283_20,ConsumoRacao,35,2025-11-28T03:00:00,,,,,,,,,,7499.384,9385.52880859375,7208.088612944874,,
1283_20,ConsumoRacao,34,2025-11-27T03:00:00,,,,,,,,,,7439.133,8393.690063476562,7089.273965478749,,
1283_20,ConsumoRacao,33,2025-11-26T03:00:00,,,,,,,,,,7341.06,8351.239501953125,7050.930943211152,,
1283_20,ConsumoRacao,32,2025-11-25T03:00:00,,,,,,,,,,7186.58,8062.02734375,6940.278335606891,,
1283_20,ConsumoRacao,31,2025-11-24T03:00:00,,,,,,,,,,7068.776,8396.878662109375,6780.731707202135,,
1283_20,ConsumoRacao,30,2025-11-23T03:00:00,,,,,,,,,,6965.408,7595.12744140625,6709.38712923397,,
1283_20,ConsumoRacao,29,2025-11-22T03:00:00,,,,,,,,,,6821.6,7081.958984375,6588.859216732761,,
1283_20,ConsumoRacao,28,2025-11-21T03:00:00,,,,,,,,,,6659.952,7404.2041015625,6444.590615142522,,
1283_20,ConsumoRacao,27,2025-11-20T03:00:00,,,,,,,,,,6411.6,7709.046875,6285.681042383376,,
1283_20,ConsumoRacao,26,2025-11-19T03:00:00,,,,,,,,,,6157.296,7625.72509765625,6043.924079214784,,
1283_20,ConsumoRacao,25,2025-11-18T03:00:00,,,,,,,,,,5863.463,7492.7508544921875,5807.595282493986,,
1283_20,ConsumoRacao,24,2025-11-17T03:00:00,,,,,,,,,,5696.523,7710.68701171875,5529.4130607246825,,
1283_20,ConsumoRacao,23,2025-11-16T03:00:00,,,,,,,,,,5488.512,4584.5537109375,5373.9865614362025,,
1283_20,ConsumoRacao,22,2025-11-15T03:00:00,,,,,,,,,,5277.561,6336.7822265625,5193.790283169633,,
1283_20,ConsumoRacao,21,2025-11-14T03:00:00,,,,,,,,,,5081.08,5578.679443359375,4990.907850233319,,
1283_20,ConsumoRacao,20,2025-11-13T03:00:00,,,,,,,,,,4913.286,4950.132568359375,4792.362296115191,,
1283_20,ConsumoRacao,19,2025-11-12T03:00:00,,,,,,,,,,4745.18,6753.8974609375,4636.785014425383,,
1283_20,ConsumoRacao,18,2025-11-11T03:00:00,,,,,,,,,,4445.789,4648.81494140625,4474.090803392914,,
1283_20,ConsumoRacao,17,2025-11-10T03:00:00,,,,,,,,,,3930.108,4426.8193359375,4191.802588357457,,
1283_20,ConsumoRacao,16,2025-11-09T03:00:00,,,,,,,,,,3673.105,4516.0029296875,3705.581175526436,,
1283_20,ConsumoRacao,15,2025-11-08T03:00:00,,,,,,,,,,3373.422,4114.0302734375,3464.1408554006325,,
1283_20,ConsumoRacao,14,2025-11-07T03:00:00,,,,,,,,,,3203.83,3815.700927734375,3182.239962658587,,
1283_20,ConsumoRacao,13,2025-11-06T03:00:00,,,,,,,,,,3120.264,3702.412353515625,3021.977117847525,,
1283_20,ConsumoRacao,12,2025-11-05T03:00:00,,,,,,,,,,2776.064,3098.8291015625,2946.273043700975,,
1283_20,ConsumoRacao,11,2025-11-04T03:00:00,,,,,,,,,,2475.225,3468.819580078125,2618.9093721786444,,
1283_20,ConsumoRacao,10,2025-11-03T03:00:00,,,,,,,,,,2172.7,3551.44,2334.023930280321,,
1283_20,ConsumoRacao,9,2025-11-02T03:00:00,,,,,,,,,,1869.468,3116.87,2048.4260415357244,,
1283_20,ConsumoRacao,8,2025-11-01T03:00:00,,,,,,,,,,1609.574,2682.11,1762.6999877499995,,
1283_20,ConsumoRacao,7,2025-10-31T03:00:00,,,,,,,,,,1523.585,2309.4,1517.7530344033214,,
1283_20,ConsumoRacao,6,2025-10-30T03:00:00,,,,,,,,,,1351.104,2187.23,1437.4604633063714,,
1283_20,ConsumoRacao,5,2025-10-29T03:00:00,,,,,,,,,,1178.577,1940.24,1275.1366115471628,,
1283_20,ConsumoRacao,4,2025-10-28T03:00:00,,,,,,,,,,1005.238,1692.02,1113.9106441476206,,
1283_20,ConsumoRacao,3,2025-10-27T03:00:00,,,,,,,,,,919.401,1443.82,948.8868450146398,,
1283_20,ConsumoRacao,2,2025-10-26T03:00:00,,,,,,,,,,745.042,1319.63,869.1455720725438,,
1283_20,ConsumoRacao,1,2025-10-25T03:00:00,,,,,,,,,,570.973,1070.58,703.5940345349164,,
1283_20,ConsumoRacao,0,2025-10-24T03:00:00,,,,,,,,,,0.0,820.1,538.9735783254869,,
1283_20,ConsumoEnergia,0,2025-10-24T03:00:00,0.0,98.912,,,,,,,,,,,,
1283_20,ConsumoEnergia,1,2025-10-25T03:00:00,87.842,97.868,,,,,,,,,,,,
1283_20,ConsumoEnergia,2,2025-10-26T03:00:00,87.652,110.561,,,,,,,,,,,,
1283_20,ConsumoEnergia,3,2025-10-27T03:00:00,87.562,94.648,,,,,,,,,,,,
1283_20,ConsumoEnergia,4,2025-10-28T03:00:00,87.412,104.714,,,,,,,,,,,,
1283_20,ConsumoEnergia,5,2025-10-29T03:00:00,87.302,123.389,,,,,,,,,,,,
1283_20,ConsumoEnergia,6,2025-10-30T03:00:00,130.752,147.435,,,,,,,,,,,,
1283_20,ConsumoEnergia,7,2025-10-31T03:00:00,130.593,132.106,,,,,,,,,,,,
1283_20,ConsumoEnergia,8,2025-11-01T03:00:00,130.506,152.598,,,,,,,,,,,,
1283_20,ConsumoEnergia,9,2025-11-02T03:00:00,130.428,142.933,,,,,,,,,,,,
1283_20,ConsumoEnergia,10,2025-11-03T03:00:00,130.362,161.51,,,,,,,,,,,,
1283_20,ConsumoEnergia,11,2025-11-04T03:00:00,130.275,129.962,,,,,,,,,,,,
1283_20,ConsumoEnergia,12,2025-11-05T03:00:00,130.128,85.45,,,,,,,,,,,,
1283_20,ConsumoEnergia,13,2025-11-06T03:00:00,130.011,121.336,,,,,,,,,,,,
1283_20,ConsumoEnergia,14,2025-11-07T03:00:00,129.885,98.673,,,,,,,,,,,,
1283_20,ConsumoEnergia,15,2025-11-08T03:00:00,129.747,76.131,,,,,,,,,,,,
1283_20,ConsumoEnergia,16,2025-11-09T03:00:00,172.852,70.709,,,,,,,,,,,,
1283_20,ConsumoEnergia,17,2025-11-10T03:00:00,172.752,15.298,,,,,,,,,,,,
1283_20,ConsumoEnergia,18,2025-11-11T03:00:00,172.652,,,,,,,,,,,,,
1283_20,ConsumoEnergia,19,2025-11-12T03:00:00,215.69,,,,,,,,,,,,,
1283_20,ConsumoEnergia,20,2025-11-13T03:00:00,215.495,,,,,,,,,,,,,
1283_20,ConsumoEnergia,21,2025-11-14T03:00:00,258.36,,,,,,,,,,,,,
1283_20,ConsumoEnergia,22,2025-11-15T03:00:00,257.442,,,,,,,,,,,,,
1283_20,ConsumoEnergia,23,2025-11-16T03:00:00,257.274,,,,,,,,,,,,,
1283_20,ConsumoEnergia,24,2025-11-17T03:00:00,299.817,,,,,,,,,,,,,
1283_20,ConsumoEnergia,25,2025-11-18T03:00:00,299.593,,,,,,,,,,,,,
1283_20,ConsumoEnergia,26,2025-11-19T03:00:00,299.313,,,,,,,,,,,,,
1283_20,ConsumoEnergia,27,2025-11-20T03:00:00,341.952,,,,,,,,,,,,,
1283_20,ConsumoEnergia,28,2025-11-21T03:00:00,341.536,,,,,,,,,,,,,
1283_20,ConsumoEnergia,29,2025-11-22T03:00:00,341.08,,,,,,,,,,,,,
1283_20,ConsumoEnergia,30,2025-11-23T03:00:00,382.248,,,,,,,,,,,,,
1283_20,ConsumoEnergia,31,2025-11-24T03:00:00,380.952,,,,,,,,,,,,,
1283_20,ConsumoEnergia,32,2025-11-25T03:00:00,380.466,,,,,,,,,,,,,
1283_20,ConsumoEnergia,33,2025-11-26T03:00:00,379.71,,,,,,,,,,,,,
1283_20,ConsumoEnergia,34,2025-11-27T03:00:00,378.261,,,,,,,,,,,,,
1283_20,ConsumoEnergia,35,2025-11-28T03:00:00,377.064,,,,,,,,,,,,,
1283_20,ConsumoEnergia,36,2025-11-29T03:00:00,417.42,,,,,,,,,,,,,
1283_20,ConsumoEnergia,37,2025-11-30T03:00:00,415.72,,,,,,,,,,,,,
1283_20,ConsumoEnergia,38,2025-12-01T03:00:00,456.291,,,,,,,,,,,,,
1283_20,ConsumoEnergia,39,2025-12-02T03:00:00,455.466,,,,,,,,,,,,,
1283_20,ConsumoEnergia,40,2025-12-03T03:00:00,454.729,,,,,,,,,,,,,
1283_20,ConsumoEnergia,41,2025-12-04T03:00:00,453.981,,,,,,,,,,,,,
1283_20,ConsumoEnergia,42,2025-12-05T03:00:00,452.815,,,,,,,,,,,,,
1282_20,ConsumoEnergia,42,2025-12-05T03:00:00,463.276,136.562,,,,,,,,,,,,
1282_20,ConsumoEnergia,41,2025-12-04T03:00:00,465.311,287.549,,,,,,,,,,,,
1282_20,ConsumoEnergia,40,2025-12-03T03:00:00,465.817,312.954,,,,,,,,,,,,
1282_20,ConsumoEnergia,39,2025-12-02T03:00:00,466.18,357.31,,,,,,,,,,,,
1282_20,ConsumoEnergia,38,2025-12-01T03:00:00,466.587,297.344,,,,,,,,,,,,
1282_20,ConsumoEnergia,37,2025-11-30T03:00:00,424.69,311.666,,,,,,,,,,,,
1282_20,ConsumoEnergia,36,2025-11-29T03:00:00,425.01,307.213,,,,,,,,,,,,
1282_20,ConsumoEnergia,35,2025-11-28T03:00:00,382.878,295.065,,,,,,,,,,,,
1282_20,ConsumoEnergia,34,2025-11-27T03:00:00,383.085,250.201,,,,,,,,,,,,
1282_20,ConsumoEnergia,33,2025-11-26T03:00:00,383.526,284.769,,,,,,,,,,,,
1282_20,ConsumoEnergia,32,2025-11-25T03:00:00,383.787,242.295,,,,,,,,,,,,
1282_20,ConsumoEnergia,31,2025-11-24T03:00:00,384.003,237.782,,,,,,,,,,,,
1282_20,ConsumoEnergia,30,2025-11-23T03:00:00,384.246,196.95,,,,,,,,,,,,
1282_20,ConsumoEnergia,29,2025-11-22T03:00:00,341.832,263.889,,,,,,,,,,,,
1282_20,ConsumoEnergia,28,2025-11-21T03:00:00,342.168,235.834,,,,,,,,,,,,
1282_20,ConsumoEnergia,27,2025-11-20T03:00:00,342.448,263.011,,,,,,,,,,,,
1282_20,ConsumoEnergia,26,2025-11-19T03:00:00,299.81,235.093,,,,,,,,,,,,
1282_20,ConsumoEnergia,25,2025-11-18T03:00:00,300.062,169.875,,,,,,,,,,,,
1282_20,ConsumoEnergia,24,2025-11-17T03:00:00,300.328,145.441,,,,,,,,,,,,
1282_20,ConsumoEnergia,23,2025-11-16T03:00:00,257.646,220.821,,,,,,,,,,,,
1282_20,ConsumoEnergia,22,2025-11-15T03:00:00,257.82,174.551,,,,,,,,,,,,
1282_20,ConsumoEnergia,21,2025-11-14T03:00:00,258.384,161.716,,,,,,,,,,,,
1282_20,ConsumoEnergia,20,2025-11-13T03:00:00,215.435,145.173,,,,,,,,,,,,
1282_20,ConsumoEnergia,19,2025-11-12T03:00:00,215.56,175.577,,,,,,,,,,,,
1282_20,ConsumoEnergia,18,2025-11-11T03:00:00,172.584,178.536,,,,,,,,,,,,
1282_20,ConsumoEnergia,17,2025-11-10T03:00:00,172.684,124.716,,,,,,,,,,,,
1282_20,ConsumoEnergia,16,2025-11-09T03:00:00,172.9,127.233,,,,,,,,,,,,
1282_20,ConsumoEnergia,15,2025-11-08T03:00:00,129.798,114.15,,,,,,,,,,,,
1282_20,ConsumoEnergia,14,2025-11-07T03:00:00,129.918,136.406,,,,,,,,,,,,
1282_20,ConsumoEnergia,13,2025-11-06T03:00:00,130.029,129.957,,,,,,,,,,,,
1282_20,ConsumoEnergia,12,2025-11-05T03:00:00,130.17,96.712,,,,,,,,,,,,
1282_20,ConsumoEnergia,11,2025-11-04T03:00:00,130.38,154.092,,,,,,,,,,,,
1282_20,ConsumoEnergia,10,2025-11-03T03:00:00,130.488,119.307,,,,,,,,,,,,
1282_20,ConsumoEnergia,9,2025-11-02T03:00:00,130.647,76.533,,,,,,,,,,,,
1282_20,ConsumoEnergia,8,2025-11-01T03:00:00,130.719,77.891,,,,,,,,,,,,
1282_20,ConsumoEnergia,7,2025-10-31T03:00:00,130.827,72.882,,,,,,,,,,,,
1282_20,ConsumoEnergia,6,2025-10-30T03:00:00,130.995,63.574,,,,,,,,,,,,
1282_20,ConsumoEnergia,5,2025-10-29T03:00:00,87.408,46.471,,,,,,,,,,,,
1282_20,ConsumoEnergia,4,2025-10-28T03:00:00,87.494,47.75,,,,,,,,,,,,
1282_20,ConsumoEnergia,3,2025-10-27T03:00:00,87.584,47.866,,,,,,,,,,,,
1282_20,ConsumoEnergia,2,2025-10-26T03:00:00,87.706,33.109,,,,,,,,,,,,
1282_20,ConsumoEnergia,1,2025-10-25T03:00:00,87.832,50.26,,,,,,,,,,,,
1282_20,ConsumoEnergia,0,2025-10-24T03:00:00,0.0,49.322,,,,,,,,,,,,
1282_20,Mortalidade,42,2025-12-05T03:00:00,,,,,,185.0,0.4392629879380758,0.15,,,,,,
1282_20,Mortalidade,41,2025-12-04T03:00:00,,,,,,46.0,0.1087444741259072,0.15,,,,,,
1282_20,Mortalidade,40,2025-12-03T03:00:00,,,,,,33.0,0.0779275981769665,0.15,,,,,,
1282_20,Mortalidade,39,2025-12-02T03:00:00,,,,,,37.0,0.0873053327041057,0.15,,,,,,
1282_20,Mortalidade,38,2025-12-01T03:00:00,,,,,,52.0,0.1225923568380602,0.15,,,,,,
1282_20,Mortalidade,37,2025-11-30T03:00:00,,,,,,32.0,0.0753490781511219,0.15,,,,,,
1282_20,Mortalidade,36,2025-11-29T03:00:00,,,,,,41.0,0.0964683183925084,0.15,,,,,,
1282_20,Mortalidade,35,2025-11-28T03:00:00,,,,,,23.0,0.0540642188895679,0.05,,,,,,
1282_20,Mortalidade,34,2025-11-27T03:00:00,,,,,,49.0,0.1151180547398097,0.05,,,,,,
1282_20,Mortalidade,33,2025-11-26T03:00:00,,,,,,29.0,0.068052752616511,0.05,,,,,,
1282_20,Mortalidade,32,2025-11-25T03:00:00,,,,,,24.0,0.0562812184883802,0.05,,,,,,
1282_20,Mortalidade,31,2025-11-24T03:00:00,,,,,,27.0,0.0632807556190967,0.05,,,,,,
1282_20,Mortalidade,30,2025-11-23T03:00:00,,,,,,35.0,0.0819787323745725,0.05,,,,,,
1282_20,Mortalidade,29,2025-11-22T03:00:00,,,,,,42.0,0.0982938987572842,0.05,,,,,,
1282_20,Mortalidade,28,2025-11-21T03:00:00,,,,,,35.0,0.0818311472726847,0.05,,,,,,
1282_20,Mortalidade,27,2025-11-20T03:00:00,,,,,,24.0,0.0560669065084334,0.05,,,,,,
1282_20,Mortalidade,26,2025-11-19T03:00:00,,,,,,36.0,0.0840532337146859,0.05,,,,,,
1282_20,Mortalidade,25,2025-11-18T03:00:00,,,,,,38.0,0.0886483460084915,0.05,,,,,,
1282_20,Mortalidade,24,2025-11-17T03:00:00,,,,,,37.0,0.0862390453104605,0.05,,,,,,
1282_20,Mortalidade,23,2025-11-16T03:00:00,,,,,,29.0,0.0675345241144826,0.05,,,,,,
1282_20,Mortalidade,22,2025-11-15T03:00:00,,,,,,94.0,0.2187572725157086,0.05,,,,,,
1282_20,Mortalidade,21,2025-11-14T03:00:00,,,,,,23.0,0.0534088798067991,0.05,,,,,,
1282_20,Mortalidade,20,2025-11-13T03:00:00,,,,,,25.0,0.0580221412491006,0.05,,,,,,
1282_20,Mortalidade,19,2025-11-12T03:00:00,,,,,,34.0,0.0788643533123028,0.05,,,,,,
1282_20,Mortalidade,18,2025-11-11T03:00:00,,,,,,25.0,0.0579427988689565,0.05,,,,,,
1282_20,Mortalidade,17,2025-11-10T03:00:00,,,,,,54.0,0.1250839684047161,0.05,,,,,,
1282_20,Mortalidade,16,2025-11-09T03:00:00,,,,,,41.0,0.0948525159051474,0.05,,,,,,
1282_20,Mortalidade,15,2025-11-08T03:00:00,,,,,,40.0,0.0924513474783895,0.05,,,,,,
1282_20,Mortalidade,14,2025-11-07T03:00:00,,,,,,37.0,0.0854385073661848,0.05,,,,,,
1282_20,Mortalidade,13,2025-11-06T03:00:00,,,,,,47.0,0.108437348591468,0.05,,,,,,
1282_20,Mortalidade,12,2025-11-05T03:00:00,,,,,,70.0,0.1613274948144734,0.05,,,,,,
1282_20,Mortalidade,11,2025-11-04T03:00:00,,,,,,36.0,0.082834790612057,0.05,,,,,,
1282_20,Mortalidade,10,2025-11-03T03:00:00,,,,,,53.0,0.1218502850836858,0.05,,,,,,
1282_20,Mortalidade,9,2025-11-02T03:00:00,,,,,,24.0,0.0551103354841672,0.05,,,,,,
1282_20,Mortalidade,8,2025-11-01T03:00:00,,,,,,36.0,0.0826199710830101,0.05,,,,,,
1282_20,Mortalidade,7,2025-10-31T03:00:00,,,,,,56.0,0.1284138595244101,0.15,,,,,,
1282_20,Mortalidade,6,2025-10-30T03:00:00,,,,,,39.0,0.0893163861216077,0.15,,,,,,
1282_20,Mortalidade,5,2025-10-29T03:00:00,,,,,,43.0,0.0983891634632985,0.15,,,,,,
1282_20,Mortalidade,4,2025-10-28T03:00:00,,,,,,45.0,0.1028641964020389,0.15,,,,,,
1282_20,Mortalidade,3,2025-10-27T03:00:00,,,,,,61.0,0.1392948483741322,0.15,,,,,,
1282_20,Mortalidade,2,2025-10-26T03:00:00,,,,,,63.0,0.1436617791257154,0.15,,,,,,
1282_20,Mortalidade,1,2025-10-25T03:00:00,,,,,,79.0,0.1798888787685581,0.15,,,,,,
1282_20,Mortalidade,0,2025-10-24T03:00:00,,,,,,,,0.15,,,,,,
1283_20,Mortalidade,42,2025-12-05T03:00:00,,,,,,106.0,0.2575003036560184,0.15,,,,,,
1283_20,Mortalidade,41,2025-12-04T03:00:00,,,,,,68.0,0.1647646046860992,0.15,,,,,,
1283_20,Mortalidade,40,2025-12-03T03:00:00,,,,,,67.0,0.1620745542949757,0.15,,,,,,
1283_20,Mortalidade,39,2025-12-02T03:00:00,,,,,,75.0,0.1811331691059266,0.15,,,,,,
1283_20,Mortalidade,38,2025-12-01T03:00:00,,,,,,91.0,0.2193775463465201,0.15,,,,,,
1283_20,Mortalidade,37,2025-11-30T03:00:00,,,,,,170.0,0.4089290868854036,0.15,,,,,,
1283_20,Mortalidade,36,2025-11-29T03:00:00,,,,,,154.0,0.3689329691917014,0.15,,,,,,
1283_20,Mortalidade,35,2025-11-28T03:00:00,,,,,,133.0,0.3174527401183883,0.05,,,,,,
1283_20,Mortalidade,34,2025-11-27T03:00:00,,,,,,161.0,0.3830688334245402,0.05,,,,,,
1283_20,Mortalidade,33,2025-11-26T03:00:00,,,,,,84.0,0.1990993126333254,0.05,,,,,,
1283_20,Mortalidade,32,2025-11-25T03:00:00,,,,,,54.0,0.1277380896059043,0.05,,,,,,
1283_20,Mortalidade,31,2025-11-24T03:00:00,,,,,,144.0,0.3402003402003402,0.05,,,,,,
1283_20,Mortalidade,30,2025-11-23T03:00:00,,,,,,163.0,0.3837822565454888,0.05,,,,,,
1283_20,Mortalidade,29,2025-11-22T03:00:00,,,,,,57.0,0.1336929752550721,0.05,,,,,,
1283_20,Mortalidade,28,2025-11-21T03:00:00,,,,,,52.0,0.1218026796589525,0.05,,,,,,
1283_20,Mortalidade,27,2025-11-20T03:00:00,,,,,,15.0,0.0350926445816956,0.05,,,,,,
1283_20,Mortalidade,26,2025-11-19T03:00:00,,,,,,40.0,0.0935475572394115,0.05,,,,,,
1283_20,Mortalidade,25,2025-11-18T03:00:00,,,,,,32.0,0.0747681020584593,0.05,,,,,,
1283_20,Mortalidade,24,2025-11-17T03:00:00,,,,,,48.0,0.1120683617006373,0.05,,,,,,
1283_20,Mortalidade,23,2025-11-16T03:00:00,,,,,,28.0,0.0653000303178712,0.05,,,,,,
1283_20,Mortalidade,22,2025-11-15T03:00:00,,,,,,153.0,0.3565851725825623,0.05,,,,,,
1283_20,Mortalidade,21,2025-11-14T03:00:00,,,,,,39.0,0.0905712958662331,0.05,,,,,,
1283_20,Mortalidade,20,2025-11-13T03:00:00,,,,,,39.0,0.0904893384997331,0.05,,,,,,
1283_20,Mortalidade,19,2025-11-12T03:00:00,,,,,,25.0,0.0579535444387778,0.05,,,,,,
1283_20,Mortalidade,18,2025-11-11T03:00:00,,,,,,25.0,0.0579199777587285,0.05,,,,,,
1283_20,Mortalidade,17,2025-11-10T03:00:00,,,,,,25.0,0.057886449939798,0.05,,,,,,
1283_20,Mortalidade,16,2025-11-09T03:00:00,,,,,,36.0,0.083308263716937,0.05,,,,,,
1283_20,Mortalidade,15,2025-11-08T03:00:00,,,,,,46.0,0.10636084071308,0.05,,,,,,
1283_20,Mortalidade,14,2025-11-07T03:00:00,,,,,,42.0,0.0970088924818108,0.05,,,,,,
1283_20,Mortalidade,13,2025-11-06T03:00:00,,,,,,39.0,0.0899923852597087,0.05,,,,,,
1283_20,Mortalidade,12,2025-11-05T03:00:00,,,,,,49.0,0.1129656953153817,0.05,,,,,,
1283_20,Mortalidade,11,2025-11-04T03:00:00,,,,,,29.0,0.0667818077144502,0.05,,,,,,
1283_20,Mortalidade,10,2025-11-03T03:00:00,,,,,,22.0,0.0506282505638146,0.05,,,,,,
1283_20,Mortalidade,9,2025-11-02T03:00:00,,,,,,26.0,0.0598031097617076,0.05,,,,,,
1283_20,Mortalidade,8,2025-11-01T03:00:00,,,,,,29.0,0.0666636016734862,0.05,,,,,,
1283_20,Mortalidade,7,2025-10-31T03:00:00,,,,,,53.0,0.1217523144425811,0.15,,,,,,
1283_20,Mortalidade,6,2025-10-30T03:00:00,,,,,,67.0,0.1537261380323054,0.15,,,,,,
1283_20,Mortalidade,5,2025-10-29T03:00:00,,,,,,55.0,0.125999404366452,0.15,,,,,,
1283_20,Mortalidade,4,2025-10-28T03:00:00,,,,,,75.0,0.1716011531597492,0.15,,,,,,
1283_20,Mortalidade,3,2025-10-27T03:00:00,,,,,,45.0,0.1027843128297663,0.15,,,,,,
1283_20,Mortalidade,2,2025-10-26T03:00:00,,,,,,95.0,0.2167663031077442,0.15,,,,,,
1283_20,Mortalidade,1,2025-10-25T03:00:00,,,,,,76.0,0.1730379545092324,0.15,,,,,,
1283_20,Mortalidade,0,2025-10-24T03:00:00,,,,,,,,0.15,,,,,,
