lote_composto,Grandeza,Local,Data,average_valor,max_valor,min_valor,std_valor,amplitude_valor,idade_lote,teste_realizado
1282-19,AMÔNIA,AVIÁRIO MEIO,01/09/2025,23.84790874524715,31.0,20.0,1.8436164140533058,11.0,12,TESTEMUNHA
1282-19,AMÔNIA,AVIÁRIO MEIO,01/10/2025,11.684410646387832,16.0,11.0,1.0184721347019012,5.0,42,TESTEMUNHA
1282-19,AMÔNIA,AVIÁRIO MEIO,02/09/2025,18.241509433962264,27.0,11.0,5.250172825987843,16.0,13,TESTEMUNHA
1282-19,AMÔNIA,AVIÁRIO MEIO,03/09/2025,16.91698113207547,25.0,11.0,4.7113566467074275,14.0,14,TESTEMUNHA
1282-19,AMÔNIA,AVIÁRIO MEIO,04/09/2025,20.464150943396227,29.0,13.0,4.1536114924299605,16.0,15,TESTEMUNHA
1282-19,AMÔNIA,AVIÁRIO MEIO,05/09/2025,26.84351145038168,38.0,20.0,3.943583042323439,18.0,16,TESTEMUNHA
1282-19,AMÔNIA,AVIÁRIO MEIO,06/09/2025,26.326996197718632,33.0,15.0,4.328646433997105,18.0,17,TESTEMUNHA
1282-19,AMÔNIA,AVIÁRIO MEIO,07/09/2025,23.15648854961832,33.0,16.0,4.82858219256201,17.0,18,TESTEMUNHA
1282-19,AMÔNIA,AVIÁRIO MEIO,08/09/2025,16.60153256704981,25.0,11.0,4.643852025626199,14.0,19,TESTEMUNHA
1282-19,AMÔNIA,AVIÁRIO MEIO,09/09/2025,20.111538461538462,27.0,13.0,3.481691335574278,14.0,20,TESTEMUNHA
1282-19,AMÔNIA,AVIÁRIO MEIO,10/09/2025,18.22519083969466,27.0,11.0,4.753349056576479,16.0,21,TESTEMUNHA
1282-19,AMÔNIA,AVIÁRIO MEIO,11/09/2025,16.544401544401545,24.0,12.0,3.762361546979583,12.0,22,TESTEMUNHA
1282-19,AMÔNIA,AVIÁRIO MEIO,12/09/2025,14.266917293233083,19.0,11.0,2.510166450596639,8.0,23,TESTEMUNHA
1282-19,AMÔNIA,AVIÁRIO MEIO,13/09/2025,15.395437262357415,18.0,11.0,2.417360000401106,7.0,24,TESTEMUNHA
1282-19,AMÔNIA,AVIÁRIO MEIO,14/09/2025,14.4106463878327,18.0,11.0,2.548130001066448,7.0,25,TESTEMUNHA
1282-19,AMÔNIA,AVIÁRIO MEIO,15/09/2025,13.859848484848484,19.0,11.0,2.3482862819280945,8.0,26,TESTEMUNHA
1282-19,AMÔNIA,AVIÁRIO MEIO,16/09/2025,14.045977011494253,20.0,11.0,2.217527078594326,9.0,27,TESTEMUNHA
1282-19,AMÔNIA,AVIÁRIO MEIO,17/09/2025,13.650375939849624,20.0,11.0,2.259886352194425,9.0,28,TESTEMUNHA
1282-19,AMÔNIA,AVIÁRIO MEIO,18/09/2025,13.603053435114504,19.0,11.0,2.002591410129216,8.0,29,TESTEMUNHA
1282-19,AMÔNIA,AVIÁRIO MEIO,19/09/2025,13.5234375,18.0,11.0,1.7498430454168596,7.0,30,TESTEMUNHA
1282-19,AMÔNIA,AVIÁRIO MEIO,20/09/2025,13.552631578947368,19.0,11.0,1.6242559405791182,8.0,31,TESTEMUNHA
1282-19,AMÔNIA,AVIÁRIO MEIO,21/09/2025,12.818532818532818,14.0,12.0,0.7258892628327914,2.0,32,TESTEMUNHA
1282-19,AMÔNIA,AVIÁRIO MEIO,22/09/2025,15.348178137651821,21.0,13.0,2.3205268494364018,8.0,33,TESTEMUNHA
1282-19,AMÔNIA,AVIÁRIO MEIO,23/09/2025,15.873563218390805,21.0,12.0,2.30676797515792,9.0,34,TESTEMUNHA
1282-19,AMÔNIA,AVIÁRIO MEIO,24/09/2025,15.214285714285714,20.0,12.0,1.9522357669594963,8.0,35,TESTEMUNHA
1282-19,AMÔNIA,AVIÁRIO MEIO,25/08/2025,37.128787878787875,41.0,32.0,1.6669937695540793,9.0,5,TESTEMUNHA
1282-19,AMÔNIA,AVIÁRIO MEIO,25/09/2025,13.242857142857142,15.0,12.0,0.7058068186877673,3.0,36,TESTEMUNHA
1282-19,AMÔNIA,AVIÁRIO MEIO,26/08/2025,35.85294117647059,41.0,24.0,4.675994902079233,17.0,6,TESTEMUNHA
1282-19,AMÔNIA,AVIÁRIO MEIO,26/09/2025,13.53639846743295,19.0,12.0,1.7230733196757804,7.0,37,TESTEMUNHA
1282-19,AMÔNIA,AVIÁRIO MEIO,27/08/2025,28.700404858299596,40.0,14.0,7.673982006500257,26.0,7,TESTEMUNHA
1282-19,AMÔNIA,AVIÁRIO MEIO,27/09/2025,12.943396226415095,16.0,12.0,0.7324060720156462,4.0,38,TESTEMUNHA
1282-19,AMÔNIA,AVIÁRIO MEIO,28/08/2025,26.505703422053234,39.0,13.0,7.594209682575002,26.0,8,TESTEMUNHA
1282-19,AMÔNIA,AVIÁRIO MEIO,28/09/2025,13.086792452830188,14.0,12.0,0.4797946635680137,2.0,39,TESTEMUNHA
1282-19,AMÔNIA,AVIÁRIO MEIO,29/08/2025,21.870229007633586,34.0,11.0,7.103269805680225,23.0,9,TESTEMUNHA
1282-19,AMÔNIA,AVIÁRIO MEIO,29/09/2025,13.481203007518797,15.0,13.0,0.5288873803028503,2.0,40,TESTEMUNHA
1282-19,AMÔNIA,AVIÁRIO MEIO,30/08/2025,19.40909090909091,27.0,10.0,5.789167713058359,17.0,10,TESTEMUNHA
1282-19,AMÔNIA,AVIÁRIO MEIO,30/09/2025,14.460076045627376,19.0,13.0,1.6306601318790939,6.0,41,TESTEMUNHA
1282-19,AMÔNIA,AVIÁRIO MEIO,31/08/2025,20.07335907335907,27.0,11.0,5.220100066203923,16.0,11,TESTEMUNHA
1282-19,CO2,AVIÁRIO MEIO,01/09/2025,526.3372093023256,"806,00","351,00",95.94054325609187,455.0,12,TESTEMUNHA
1282-19,CO2,AVIÁRIO MEIO,01/10/2025,416.87012970711294,"994,00","1.013,00",233.00482630682112,992.987,42,TESTEMUNHA
1282-19,CO2,AVIÁRIO MEIO,02/09/2025,377.70526315789476,"726,00","150,00",125.8629893080658,576.0,13,TESTEMUNHA
1282-19,CO2,AVIÁRIO MEIO,03/09/2025,356.2011494252874,"726,00","150,00",138.93908281801413,576.0,14,TESTEMUNHA
1282-19,CO2,AVIÁRIO MEIO,04/09/2025,348.0415094339623,"753,00","150,00",127.01104607134253,603.0,15,TESTEMUNHA
1282-19,CO2,AVIÁRIO MEIO,05/09/2025,452.2230769230769,"780,00","243,00",119.13494387488082,537.0,16,TESTEMUNHA
1282-19,CO2,AVIÁRIO MEIO,06/09/2025,547.8928505747127,"981,00","1.034,00",167.67944934951834,979.966,17,TESTEMUNHA
1282-19,CO2,AVIÁRIO MEIO,07/09/2025,495.9037748091603,"954,00","1.034,00",194.36550256597508,952.966,18,TESTEMUNHA
1282-19,CO2,AVIÁRIO MEIO,08/09/2025,426.63690476190476,"982,00","150,00",191.11612730020732,832.0,19,TESTEMUNHA
1282-19,CO2,AVIÁRIO MEIO,09/09/2025,447.8255813953488,"920,00","164,00",138.41252731485423,756.0,20,TESTEMUNHA
1282-19,CO2,AVIÁRIO MEIO,10/09/2025,372.87168141592923,"708,00","150,00",128.59381202100337,558.0,21,TESTEMUNHA
1282-19,CO2,AVIÁRIO MEIO,11/09/2025,372.86387434554973,"845,00","150,00",156.41501482426926,695.0,22,TESTEMUNHA
1282-19,CO2,AVIÁRIO MEIO,12/09/2025,264.50359712230215,"458,00","150,00",60.01455148493919,308.0,23,TESTEMUNHA
1282-19,CO2,AVIÁRIO MEIO,13/09/2025,253.515,"431,00","150,00",65.45372239223684,281.0,24,TESTEMUNHA
1282-19,CO2,AVIÁRIO MEIO,14/09/2025,216.19078947368422,"392,00","150,00",45.91292295327721,242.0,25,TESTEMUNHA
1282-19,CO2,AVIÁRIO MEIO,15/09/2025,209.1290322580645,"377,00","150,00",42.601485613565515,227.0,26,TESTEMUNHA
1282-19,CO2,AVIÁRIO MEIO,16/09/2025,213.91150442477877,"404,00","150,00",56.42373779033319,254.0,27,TESTEMUNHA
1282-19,CO2,AVIÁRIO MEIO,17/09/2025,212.50877192982455,"458,00","150,00",68.34012532963924,308.0,28,TESTEMUNHA
1282-19,CO2,AVIÁRIO MEIO,18/09/2025,220.87654320987653,"404,00","150,00",60.648426789169264,254.0,29,TESTEMUNHA
1282-19,CO2,AVIÁRIO MEIO,19/09/2025,185.97530864197532,"351,00","150,00",37.36737049875408,201.0,30,TESTEMUNHA
1282-19,CO2,AVIÁRIO MEIO,20/09/2025,183.3671875,"372,00","150,00",45.37273945707757,222.0,31,TESTEMUNHA
1282-19,CO2,AVIÁRIO MEIO,21/09/2025,157.86776859504133,"217,00","150,00",13.566452393976098,67.0,32,TESTEMUNHA
1282-19,CO2,AVIÁRIO MEIO,22/09/2025,209.64224137931035,"378,00","150,00",53.239913486778526,228.0,33,TESTEMUNHA
1282-19,CO2,AVIÁRIO MEIO,23/09/2025,260.9563492063492,"673,00","150,00",94.30763826059233,523.0,34,TESTEMUNHA
1282-19,CO2,AVIÁRIO MEIO,24/09/2025,288.4156626506024,"754,00","150,00",105.61695736193228,604.0,35,TESTEMUNHA
1282-19,CO2,AVIÁRIO MEIO,25/08/2025,1.3112923076923075,"1.609,00","1.089,00",0.11427931006993149,0.52,5,TESTEMUNHA
1282-19,CO2,AVIÁRIO MEIO,25/09/2025,171.89285714285714,"217,00","150,00",21.90864031399862,67.0,36,TESTEMUNHA
1282-19,CO2,AVIÁRIO MEIO,26/08/2025,84.30537394957983,"988,00","1.002,00",267.1162597422162,986.998,6,TESTEMUNHA
1282-19,CO2,AVIÁRIO MEIO,26/09/2025,223.18595041322314,"672,00","150,00",99.46120619692032,522.0,37,TESTEMUNHA
1282-19,CO2,AVIÁRIO MEIO,27/08/2025,358.8355141700405,"981,00","1.006,00",387.9212275118577,979.994,7,TESTEMUNHA
1282-19,CO2,AVIÁRIO MEIO,27/09/2025,188.19921875,"378,00","150,00",34.28914504824593,228.0,38,TESTEMUNHA
1282-19,CO2,AVIÁRIO MEIO,28/08/2025,571.092,"996,00","1.002,00",342.29641082809314,994.998,8,TESTEMUNHA
1282-19,CO2,AVIÁRIO MEIO,28/09/2025,219.66037735849056,"351,00","150,00",31.715327760436924,201.0,39,TESTEMUNHA
1282-19,CO2,AVIÁRIO MEIO,29/08/2025,611.9290655021833,"991,00","1.007,00",258.72991869103424,989.993,9,TESTEMUNHA
1282-19,CO2,AVIÁRIO MEIO,29/09/2025,262.5338345864662,"432,00","166,00",35.77037226410274,266.0,40,TESTEMUNHA
1282-19,CO2,AVIÁRIO MEIO,30/08/2025,554.4549763033175,"954,00","150,00",195.206663149073,804.0,10,TESTEMUNHA
1282-19,CO2,AVIÁRIO MEIO,30/09/2025,317.8897338403042,"614,00","216,00",94.15333748330293,398.0,41,TESTEMUNHA
1282-19,CO2,AVIÁRIO MEIO,31/08/2025,471.60087719298247,"833,00","150,00",164.3765024589404,683.0,11,TESTEMUNHA
1282-19,CONSUMO DO SILO,EXTERNO,01/09/2025,49.09860104529617,"932,00","0,00",178.1769307051703,932.0,12,TESTEMUNHA
1282-19,CONSUMO DO SILO,EXTERNO,01/10/2025,6.444055944055944,"9,00","0,00",6.407110586434444,9.0,42,TESTEMUNHA
1282-19,CONSUMO DO SILO,EXTERNO,02/09/2025,110.24611228070175,"970,00","0,00",227.08009011614342,970.0,13,TESTEMUNHA
1282-19,CONSUMO DO SILO,EXTERNO,03/09/2025,86.00289929328622,"993,00","0,00",219.61597476475845,993.0,14,TESTEMUNHA
1282-19,CONSUMO DO SILO,EXTERNO,04/09/2025,54.180520905923345,"992,00","0,00",177.49240375678352,992.0,15,TESTEMUNHA
1282-19,CONSUMO DO SILO,EXTERNO,05/09/2025,60.41600524475525,"946,00","0,00",178.83421693439064,946.0,16,TESTEMUNHA
1282-19,CONSUMO DO SILO,EXTERNO,06/09/2025,41.285961538461535,"981,00","0,00",132.45207854223867,981.0,17,TESTEMUNHA
1282-19,CONSUMO DO SILO,EXTERNO,07/09/2025,11.088465156794426,"9,00","0,00",49.2604892319467,9.0,18,TESTEMUNHA
1282-19,CONSUMO DO SILO,EXTERNO,08/09/2025,92.59614361702127,"982,00","0,00",236.72679253107805,982.0,19,TESTEMUNHA
1282-19,CONSUMO DO SILO,EXTERNO,09/09/2025,155.3579756097561,"987,00","0,00",230.48917771483636,987.0,20,TESTEMUNHA
1282-19,CONSUMO DO SILO,EXTERNO,10/09/2025,104.44248251748252,"995,00","0,00",241.76355120202183,995.0,21,TESTEMUNHA
1282-19,CONSUMO DO SILO,EXTERNO,11/09/2025,66.57995454545454,"961,00","0,00",189.19637768603133,961.0,22,TESTEMUNHA
1282-19,CONSUMO DO SILO,EXTERNO,12/09/2025,87.88239285714286,"98,00","0,00",190.81103827878462,98.0,23,TESTEMUNHA
1282-19,CONSUMO DO SILO,EXTERNO,13/09/2025,57.95064808362369,"980,00","0,00",137.6963549719421,980.0,24,TESTEMUNHA
1282-19,CONSUMO DO SILO,EXTERNO,14/09/2025,18.661239015817223,"997,00","0,00",95.62813176321514,997.0,25,TESTEMUNHA
1282-19,CONSUMO DO SILO,EXTERNO,15/09/2025,22.605895104895104,"994,00","0,00",90.64312480616144,994.0,26,TESTEMUNHA
1282-19,CONSUMO DO SILO,EXTERNO,16/08/2025,10.449477351916377,"9,00","0,00",10.069967323041208,9.0,-4,TESTEMUNHA
1282-19,CONSUMO DO SILO,EXTERNO,16/09/2025,8.154246503496504,"99,00","0,00",45.948859967181356,99.0,27,TESTEMUNHA
1282-19,CONSUMO DO SILO,EXTERNO,17/08/2025,7.270034843205575,"9,00","0,00",9.857976182963371,9.0,-3,TESTEMUNHA
1282-19,CONSUMO DO SILO,EXTERNO,17/09/2025,122.82876190476189,"989,00","0,00",211.05940883024437,989.0,28,TESTEMUNHA
1282-19,CONSUMO DO SILO,EXTERNO,18/08/2025,63.244288224956065,"968,00","0,00",206.0856419479824,968.0,-2,TESTEMUNHA
1282-19,CONSUMO DO SILO,EXTERNO,18/09/2025,25.84715034965035,"992,00","0,00",112.83850653954659,992.0,29,TESTEMUNHA
1282-19,CONSUMO DO SILO,EXTERNO,19/08/2025,25.74395644599303,"962,00","0,00",104.53522794782808,962.0,-1,TESTEMUNHA
1282-19,CONSUMO DO SILO,EXTERNO,19/09/2025,202.20605594405595,"996,00","0,00",349.6651482236485,996.0,30,TESTEMUNHA
1282-19,CONSUMO DO SILO,EXTERNO,20/08/2025,12.56634090909091,"9,00","0,00",42.32831746651842,9.0,0,TESTEMUNHA
1282-19,CONSUMO DO SILO,EXTERNO,20/09/2025,29.447037366548045,"992,00","0,00",127.41587641596065,992.0,31,TESTEMUNHA
1282-19,CONSUMO DO SILO,EXTERNO,21/08/2025,12.23157894736842,"9,00","0,00",12.381468295644424,9.0,1,TESTEMUNHA
1282-19,CONSUMO DO SILO,EXTERNO,21/09/2025,34.91366083916084,"998,00","0,00",141.75513049808225,998.0,32,TESTEMUNHA
1282-19,CONSUMO DO SILO,EXTERNO,22/08/2025,284.7787456445993,"947,00","0,00",407.3647846479232,947.0,2,TESTEMUNHA
1282-19,CONSUMO DO SILO,EXTERNO,22/09/2025,42.39086419753086,"99,00","0,00",168.20328151793387,99.0,33,TESTEMUNHA
1282-19,CONSUMO DO SILO,EXTERNO,23/08/2025,63.09507042253521,"9,00","0,00",116.03930904355171,9.0,3,TESTEMUNHA
1282-19,CONSUMO DO SILO,EXTERNO,23/09/2025,15.12886888111888,"938,00","0,00",95.04048218039752,938.0,34,TESTEMUNHA
1282-19,CONSUMO DO SILO,EXTERNO,24/08/2025,55.72648083623693,"9,00","0,00",86.99417315473957,9.0,4,TESTEMUNHA
1282-19,CONSUMO DO SILO,EXTERNO,24/09/2025,18.583246913580247,"966,00","0,00",102.05305065002257,966.0,35,TESTEMUNHA
1282-19,CONSUMO DO SILO,EXTERNO,25/08/2025,245.44230769230768,"9,00","0,00",302.4993934460597,9.0,5,TESTEMUNHA
1282-19,CONSUMO DO SILO,EXTERNO,25/09/2025,39.962080419580424,"965,00","0,00",147.545587067174,965.0,36,TESTEMUNHA
1282-19,CONSUMO DO SILO,EXTERNO,26/08/2025,78.79230769230769,"981,00","0,00",139.9340393253758,981.0,6,TESTEMUNHA
1282-19,CONSUMO DO SILO,EXTERNO,26/09/2025,44.11675088339222,"99,00","0,00",140.54054220986515,99.0,37,TESTEMUNHA
1282-19,CONSUMO DO SILO,EXTERNO,27/08/2025,112.01902992957747,"977,00","0,00",230.2357913904591,977.0,7,TESTEMUNHA
1282-19,CONSUMO DO SILO,EXTERNO,27/09/2025,16.94445518453427,"947,00","0,00",104.59607197604225,947.0,38,TESTEMUNHA
1282-19,CONSUMO DO SILO,EXTERNO,28/08/2025,159.1425307557118,"999,00","0,00",271.44459266068844,999.0,8,TESTEMUNHA
1282-19,CONSUMO DO SILO,EXTERNO,28/09/2025,23.060931818181817,"925,00","0,00",86.84343152746574,925.0,39,TESTEMUNHA
1282-19,CONSUMO DO SILO,EXTERNO,29/08/2025,139.43175261324043,"99,00","0,00",263.18394505504455,99.0,9,TESTEMUNHA
1282-19,CONSUMO DO SILO,EXTERNO,29/09/2025,76.28853064798598,"988,00","0,00",173.5182389667826,988.0,40,TESTEMUNHA
1282-19,CONSUMO DO SILO,EXTERNO,30/08/2025,101.19666783216783,"999,00","0,00",214.63309194655076,999.0,10,TESTEMUNHA
1282-19,CONSUMO DO SILO,EXTERNO,30/09/2025,179.42686363636363,"940,00","0,00",286.1965692568187,940.0,41,TESTEMUNHA
1282-19,CONSUMO DO SILO,EXTERNO,31/08/2025,103.10562937062937,"932,00","0,00",242.62151082619698,932.0,11,TESTEMUNHA
1282-19,CORRENTE ELÉTRICA,EXTERNO,01/09/2025,3.754316631380852,9.65,0.0,2.7262128290067893,9.65,12,TESTEMUNHA
1282-19,CORRENTE ELÉTRICA,EXTERNO,01/10/2025,14.96530131826742,41.55,0.0,13.05081970113535,41.55,42,TESTEMUNHA
1282-19,CORRENTE ELÉTRICA,EXTERNO,02/09/2025,7.041237355916254,17.71,0.0,5.015905763747424,17.71,13,TESTEMUNHA
1282-19,CORRENTE ELÉTRICA,EXTERNO,03/09/2025,8.194540960451977,20.08,0.0,5.77228160771581,20.08,14,TESTEMUNHA
1282-19,CORRENTE ELÉTRICA,EXTERNO,04/09/2025,5.366800752764056,11.69,0.0,3.18913935948366,11.69,15,TESTEMUNHA
1282-19,CORRENTE ELÉTRICA,EXTERNO,05/09/2025,4.370472829922371,11.61,0.0,3.120106818799304,11.61,16,TESTEMUNHA
1282-19,CORRENTE ELÉTRICA,EXTERNO,06/09/2025,4.861012241054614,12.74,0.0,3.0001656595568593,12.74,17,TESTEMUNHA
1282-19,CORRENTE ELÉTRICA,EXTERNO,07/09/2025,7.277838983050847,15.92,0.0,2.7953336470230186,15.92,18,TESTEMUNHA
1282-19,CORRENTE ELÉTRICA,EXTERNO,08/09/2025,11.263669724770642,22.53,1.71,6.538083695033912,20.82,19,TESTEMUNHA
1282-19,CORRENTE ELÉTRICA,EXTERNO,09/09/2025,6.712226930320151,17.16,1.66,2.9957904762356984,15.5,20,TESTEMUNHA
1282-19,CORRENTE ELÉTRICA,EXTERNO,10/09/2025,9.94111581920904,22.91,1.82,6.184321009165141,21.09,21,TESTEMUNHA
1282-19,CORRENTE ELÉTRICA,EXTERNO,11/09/2025,11.19465302281816,21.72,3.76,5.485318377708301,17.96,22,TESTEMUNHA
1282-19,CORRENTE ELÉTRICA,EXTERNO,12/09/2025,16.168540489642186,34.3,7.24,8.27958361500229,27.059999999999995,23,TESTEMUNHA
1282-19,CORRENTE ELÉTRICA,EXTERNO,13/09/2025,12.639249058380415,27.71,7.57,6.015129287450902,20.14,24,TESTEMUNHA
1282-19,CORRENTE ELÉTRICA,EXTERNO,14/09/2025,15.13196189131969,32.36,7.28,8.472902575925279,25.08,25,TESTEMUNHA
1282-19,CORRENTE ELÉTRICA,EXTERNO,15/09/2025,17.302970809792846,35.81,7.71,9.273532009405479,28.1,26,TESTEMUNHA
1282-19,CORRENTE ELÉTRICA,EXTERNO,16/09/2025,18.514194915254237,32.1,7.7,8.843310808524715,24.400000000000002,27,TESTEMUNHA
1282-19,CORRENTE ELÉTRICA,EXTERNO,17/09/2025,20.42031757233592,33.65,7.29,9.18363837238331,26.36,28,TESTEMUNHA
1282-19,CORRENTE ELÉTRICA,EXTERNO,18/09/2025,18.891263232180663,33.68,0.0,8.54131490712126,33.68,29,TESTEMUNHA
1282-19,CORRENTE ELÉTRICA,EXTERNO,19/08/2025,4.806080508474576,8.34,0.0,2.023653864287305,8.34,-1,TESTEMUNHA
1282-19,CORRENTE ELÉTRICA,EXTERNO,19/09/2025,21.50771967020024,37.74,7.2,9.215086216395179,30.540000000000003,30,TESTEMUNHA
1282-19,CORRENTE ELÉTRICA,EXTERNO,20/08/2025,3.1808921845574387,9.04,0.0,2.4217300219286,9.04,0,TESTEMUNHA
1282-19,CORRENTE ELÉTRICA,EXTERNO,20/09/2025,21.822335216572505,38.17,0.0,9.312943380851022,38.17,31,TESTEMUNHA
1282-19,CORRENTE ELÉTRICA,EXTERNO,21/08/2025,3.5333827334744767,9.19,0.0,2.5957181757404553,9.19,1,TESTEMUNHA
1282-19,CORRENTE ELÉTRICA,EXTERNO,21/09/2025,26.27422018348624,38.21,5.45,7.654962801376053,32.76,32,TESTEMUNHA
1282-19,CORRENTE ELÉTRICA,EXTERNO,22/08/2025,4.545480225988701,12.94,0.0,3.1249947502908433,12.94,2,TESTEMUNHA
1282-19,CORRENTE ELÉTRICA,EXTERNO,22/09/2025,14.777219477769936,34.18,0.0,5.110571479345689,34.18,33,TESTEMUNHA
1282-19,CORRENTE ELÉTRICA,EXTERNO,23/08/2025,3.094623352165725,10.09,0.0,2.4474436872001535,10.09,3,TESTEMUNHA
1282-19,CORRENTE ELÉTRICA,EXTERNO,23/09/2025,17.668206214689263,35.68,0.0,8.848005474590277,35.68,34,TESTEMUNHA
1282-19,CORRENTE ELÉTRICA,EXTERNO,24/08/2025,2.279320159962362,7.57,0.0,1.7033545117291813,7.57,4,TESTEMUNHA
1282-19,CORRENTE ELÉTRICA,EXTERNO,24/09/2025,21.682523540489644,36.58,0.0,10.469204691872774,36.58,35,TESTEMUNHA
1282-19,CORRENTE ELÉTRICA,EXTERNO,25/08/2025,2.286471280602637,6.77,0.0,1.7178074348878531,6.77,5,TESTEMUNHA
1282-19,CORRENTE ELÉTRICA,EXTERNO,25/09/2025,20.98461773700306,39.62,9.41,9.926138994872275,30.209999999999997,36,TESTEMUNHA
1282-19,CORRENTE ELÉTRICA,EXTERNO,26/08/2025,2.776318267419962,10.18,0.0,2.2126653713561177,10.18,6,TESTEMUNHA
1282-19,CORRENTE ELÉTRICA,EXTERNO,26/09/2025,22.434178436911488,36.08,9.24,9.39442563374336,26.839999999999996,37,TESTEMUNHA
1282-19,CORRENTE ELÉTRICA,EXTERNO,27/08/2025,3.062707156308851,8.39,0.0,2.424557508491537,8.39,7,TESTEMUNHA
1282-19,CORRENTE ELÉTRICA,EXTERNO,27/09/2025,24.897208097928438,37.15,9.92,9.49380468135369,27.229999999999997,38,TESTEMUNHA
1282-19,CORRENTE ELÉTRICA,EXTERNO,28/08/2025,3.485685721006822,10.4,0.0,2.660251042577118,10.4,8,TESTEMUNHA
1282-19,CORRENTE ELÉTRICA,EXTERNO,28/09/2025,28.138673253352152,37.81,14.06,6.360838336401652,23.75,39,TESTEMUNHA
1282-19,CORRENTE ELÉTRICA,EXTERNO,29/08/2025,4.831435969868173,13.89,0.0,3.933350858208823,13.89,9,TESTEMUNHA
1282-19,CORRENTE ELÉTRICA,EXTERNO,29/09/2025,30.85007297551789,38.5,18.68,4.754437165251855,19.82,40,TESTEMUNHA
1282-19,CORRENTE ELÉTRICA,EXTERNO,30/08/2025,6.036525523406257,16.31,0.0,4.633220570900652,16.31,10,TESTEMUNHA
1282-19,CORRENTE ELÉTRICA,EXTERNO,30/09/2025,30.317767584097858,39.15,0.0,7.389606860908086,39.15,41,TESTEMUNHA
1282-19,CORRENTE ELÉTRICA,EXTERNO,31/08/2025,5.240374293785311,15.39,0.0,3.3054753307450415,15.39,11,TESTEMUNHA
1282-19,DIFERENCIAL DE PRESSÃO,AVIÁRIO MEIO,01/09/2025,4.2889733840304185,45.0,-7.0,7.754806683774499,52.0,12,TESTEMUNHA
1282-19,DIFERENCIAL DE PRESSÃO,AVIÁRIO MEIO,01/10/2025,8.912547528517111,48.0,-1.0,13.544040064425106,49.0,42,TESTEMUNHA
1282-19,DIFERENCIAL DE PRESSÃO,AVIÁRIO MEIO,02/09/2025,11.777358490566037,38.0,-6.0,10.5422535543194,44.0,13,TESTEMUNHA
1282-19,DIFERENCIAL DE PRESSÃO,AVIÁRIO MEIO,03/09/2025,14.290566037735848,46.0,-3.0,10.973832755240016,49.0,14,TESTEMUNHA
1282-19,DIFERENCIAL DE PRESSÃO,AVIÁRIO MEIO,04/09/2025,9.181132075471698,29.0,-2.0,8.473556126880041,31.0,15,TESTEMUNHA
1282-19,DIFERENCIAL DE PRESSÃO,AVIÁRIO MEIO,05/09/2025,9.893129770992367,31.0,-4.0,12.754434587817494,35.0,16,TESTEMUNHA
1282-19,DIFERENCIAL DE PRESSÃO,AVIÁRIO MEIO,06/09/2025,11.653992395437262,34.0,-3.0,13.508132082184867,37.0,17,TESTEMUNHA
1282-19,DIFERENCIAL DE PRESSÃO,AVIÁRIO MEIO,07/09/2025,18.938931297709924,62.0,-2.0,14.02302127130358,64.0,18,TESTEMUNHA
1282-19,DIFERENCIAL DE PRESSÃO,AVIÁRIO MEIO,08/09/2025,25.559386973180075,36.0,2.0,5.790178466507455,34.0,19,TESTEMUNHA
1282-19,DIFERENCIAL DE PRESSÃO,AVIÁRIO MEIO,09/09/2025,24.723076923076924,39.0,1.0,6.913215198350052,38.0,20,TESTEMUNHA
1282-19,DIFERENCIAL DE PRESSÃO,AVIÁRIO MEIO,10/09/2025,24.698473282442748,33.0,1.0,6.610533864558678,32.0,21,TESTEMUNHA
1282-19,DIFERENCIAL DE PRESSÃO,AVIÁRIO MEIO,11/09/2025,26.872586872586872,35.0,5.0,3.728630420661413,30.0,22,TESTEMUNHA
1282-19,DIFERENCIAL DE PRESSÃO,AVIÁRIO MEIO,12/09/2025,28.221804511278197,38.0,11.0,2.970983441286849,27.0,23,TESTEMUNHA
1282-19,DIFERENCIAL DE PRESSÃO,AVIÁRIO MEIO,13/09/2025,27.026615969581748,33.0,11.0,2.080886846815748,22.0,24,TESTEMUNHA
1282-19,DIFERENCIAL DE PRESSÃO,AVIÁRIO MEIO,14/09/2025,28.513307984790874,48.0,6.0,4.1938318921203654,42.0,25,TESTEMUNHA
1282-19,DIFERENCIAL DE PRESSÃO,AVIÁRIO MEIO,15/09/2025,28.981060606060606,44.0,0.0,5.451197152026914,44.0,26,TESTEMUNHA
1282-19,DIFERENCIAL DE PRESSÃO,AVIÁRIO MEIO,16/09/2025,28.3639846743295,35.0,9.0,3.6506554578316286,26.0,27,TESTEMUNHA
1282-19,DIFERENCIAL DE PRESSÃO,AVIÁRIO MEIO,17/09/2025,29.714285714285715,40.0,11.0,3.765836592534992,29.0,28,TESTEMUNHA
1282-19,DIFERENCIAL DE PRESSÃO,AVIÁRIO MEIO,18/09/2025,29.00763358778626,42.0,11.0,4.570893949691892,31.0,29,TESTEMUNHA
1282-19,DIFERENCIAL DE PRESSÃO,AVIÁRIO MEIO,19/09/2025,29.05859375,42.0,7.0,6.372585662230123,35.0,30,TESTEMUNHA
1282-19,DIFERENCIAL DE PRESSÃO,AVIÁRIO MEIO,20/09/2025,23.093984962406015,45.0,3.0,12.173348551123567,42.0,31,TESTEMUNHA
1282-19,DIFERENCIAL DE PRESSÃO,AVIÁRIO MEIO,21/09/2025,32.13513513513514,53.0,25.0,4.738029122159695,28.0,32,TESTEMUNHA
1282-19,DIFERENCIAL DE PRESSÃO,AVIÁRIO MEIO,22/09/2025,25.48582995951417,38.0,4.0,6.1465570510996015,34.0,33,TESTEMUNHA
1282-19,DIFERENCIAL DE PRESSÃO,AVIÁRIO MEIO,23/09/2025,25.704980842911876,40.0,4.0,9.037657175499376,36.0,34,TESTEMUNHA
1282-19,DIFERENCIAL DE PRESSÃO,AVIÁRIO MEIO,24/09/2025,16.5,41.0,1.0,14.953897405661428,40.0,35,TESTEMUNHA
1282-19,DIFERENCIAL DE PRESSÃO,AVIÁRIO MEIO,25/08/2025,6.878787878787879,30.0,-2.0,12.593306485102785,32.0,5,TESTEMUNHA
1282-19,DIFERENCIAL DE PRESSÃO,AVIÁRIO MEIO,25/09/2025,29.7,40.0,1.0,5.614649206699012,39.0,36,TESTEMUNHA
1282-19,DIFERENCIAL DE PRESSÃO,AVIÁRIO MEIO,26/08/2025,5.642857142857143,60.0,-2.0,11.53959986073947,62.0,6,TESTEMUNHA
1282-19,DIFERENCIAL DE PRESSÃO,AVIÁRIO MEIO,26/09/2025,32.24904214559387,50.0,3.0,7.248414349136503,47.0,37,TESTEMUNHA
1282-19,DIFERENCIAL DE PRESSÃO,AVIÁRIO MEIO,27/08/2025,4.882591093117409,15.0,-3.0,6.386218442770891,18.0,7,TESTEMUNHA
1282-19,DIFERENCIAL DE PRESSÃO,AVIÁRIO MEIO,27/09/2025,35.154716981132076,87.0,17.0,8.70147604129661,70.0,38,TESTEMUNHA
1282-19,DIFERENCIAL DE PRESSÃO,AVIÁRIO MEIO,28/08/2025,3.950570342205323,16.0,-3.0,5.690482152434998,19.0,8,TESTEMUNHA
1282-19,DIFERENCIAL DE PRESSÃO,AVIÁRIO MEIO,28/09/2025,33.177358490566036,40.0,22.0,4.208107247603562,18.0,39,TESTEMUNHA
1282-19,DIFERENCIAL DE PRESSÃO,AVIÁRIO MEIO,29/08/2025,5.645038167938932,21.0,-2.0,6.167505511564982,23.0,9,TESTEMUNHA
1282-19,DIFERENCIAL DE PRESSÃO,AVIÁRIO MEIO,29/09/2025,34.88721804511278,47.0,23.0,4.289617006824518,24.0,40,TESTEMUNHA
1282-19,DIFERENCIAL DE PRESSÃO,AVIÁRIO MEIO,30/08/2025,9.651515151515152,46.0,-5.0,10.013237335983808,51.0,10,TESTEMUNHA
1282-19,DIFERENCIAL DE PRESSÃO,AVIÁRIO MEIO,30/09/2025,35.62357414448669,50.0,0.0,7.250471032372371,50.0,41,TESTEMUNHA
1282-19,DIFERENCIAL DE PRESSÃO,AVIÁRIO MEIO,31/08/2025,7.544401544401544,27.0,-6.0,8.282707338670559,33.0,11,TESTEMUNHA
1282-19,ENERGIA ELÉTRICA DO DIA,EXTERNO,01/09/2025,4.365342272406492,15.41,0.0,3.473442983243532,15.41,12,TESTEMUNHA
1282-19,ENERGIA ELÉTRICA DO DIA,EXTERNO,01/10/2025,24.43124529190207,61.19,0.0,21.952003425769416,61.19,42,TESTEMUNHA
1282-19,ENERGIA ELÉTRICA DO DIA,EXTERNO,02/09/2025,10.208612091272641,30.5,0.0,10.049849639303254,30.5,13,TESTEMUNHA
1282-19,ENERGIA ELÉTRICA DO DIA,EXTERNO,03/09/2025,16.42273305084746,41.0,0.0,14.137790532191653,41.0,14,TESTEMUNHA
1282-19,ENERGIA ELÉTRICA DO DIA,EXTERNO,04/09/2025,10.983577981651377,28.2,0.0,8.618922398258267,28.2,15,TESTEMUNHA
1282-19,ENERGIA ELÉTRICA DO DIA,EXTERNO,05/09/2025,10.56776758409786,26.72,0.03,6.689291278674877,26.689999999999998,16,TESTEMUNHA
1282-19,ENERGIA ELÉTRICA DO DIA,EXTERNO,06/09/2025,10.596967984934086,28.03,0.0,7.202501392290253,28.03,17,TESTEMUNHA
1282-19,ENERGIA ELÉTRICA DO DIA,EXTERNO,07/09/2025,17.981810263653482,37.02,0.04,10.737926171735856,36.980000000000004,18,TESTEMUNHA
1282-19,ENERGIA ELÉTRICA DO DIA,EXTERNO,08/09/2025,21.796692542931076,56.1,0.01,18.239593140065235,56.09,19,TESTEMUNHA
1282-19,ENERGIA ELÉTRICA DO DIA,EXTERNO,09/09/2025,15.464974105461396,33.66,0.01,10.509254662823032,33.65,20,TESTEMUNHA
1282-19,ENERGIA ELÉTRICA DO DIA,EXTERNO,10/09/2025,19.954623352165726,49.97,0.01,16.34313428413089,49.96,21,TESTEMUNHA
1282-19,ENERGIA ELÉTRICA DO DIA,EXTERNO,11/09/2025,24.085203481533757,55.97,0.01,18.254002931676037,55.96,22,TESTEMUNHA
1282-19,ENERGIA ELÉTRICA DO DIA,EXTERNO,12/09/2025,33.53052024482109,80.38,0.03,26.14720409533985,80.35,23,TESTEMUNHA
1282-19,ENERGIA ELÉTRICA DO DIA,EXTERNO,13/09/2025,27.604352636534838,62.89,0.03,19.82304377975075,62.86,24,TESTEMUNHA
1282-19,ENERGIA ELÉTRICA DO DIA,EXTERNO,14/09/2025,32.66155963302752,75.12,0.03,24.99275812005025,75.09,25,TESTEMUNHA
1282-19,ENERGIA ELÉTRICA DO DIA,EXTERNO,15/09/2025,36.34064736346516,85.94,0.03,28.4909646963979,85.91,26,TESTEMUNHA
1282-19,ENERGIA ELÉTRICA DO DIA,EXTERNO,16/09/2025,37.48181497175141,91.81,0.03,29.643582827484696,91.78,27,TESTEMUNHA
1282-19,ENERGIA ELÉTRICA DO DIA,EXTERNO,17/09/2025,40.70277111267937,102.18,0.03,32.14244363444952,102.15,28,TESTEMUNHA
1282-19,ENERGIA ELÉTRICA DO DIA,EXTERNO,18/09/2025,34.65297106563162,89.85,0.0,29.179449393299524,89.85,29,TESTEMUNHA
1282-19,ENERGIA ELÉTRICA DO DIA,EXTERNO,19/08/2025,12.751537193973634,34.87,0.01,8.386538211828881,34.86,-1,TESTEMUNHA
1282-19,ENERGIA ELÉTRICA DO DIA,EXTERNO,19/09/2025,43.77864310954064,108.48,0.04,33.5715976196195,108.44,30,TESTEMUNHA
1282-19,ENERGIA ELÉTRICA DO DIA,EXTERNO,20/08/2025,7.882257532956686,29.43,0.01,7.129420240700971,29.419999999999998,0,TESTEMUNHA
1282-19,ENERGIA ELÉTRICA DO DIA,EXTERNO,20/09/2025,46.649771657250476,111.39,0.05,34.61683183101246,111.34,31,TESTEMUNHA
1282-19,ENERGIA ELÉTRICA DO DIA,EXTERNO,21/08/2025,8.31003999059045,30.9,0.01,7.676353694563394,30.889999999999997,1,TESTEMUNHA
1282-19,ENERGIA ELÉTRICA DO DIA,EXTERNO,21/09/2025,55.66289814161374,134.95,0.07,38.960810527074266,134.88,32,TESTEMUNHA
1282-19,ENERGIA ELÉTRICA DO DIA,EXTERNO,22/08/2025,10.644211393596986,31.46,0.01,8.788925126918224,31.45,2,TESTEMUNHA
1282-19,ENERGIA ELÉTRICA DO DIA,EXTERNO,22/09/2025,32.58361561985416,70.81,0.0,21.936217072704547,70.81,33,TESTEMUNHA
1282-19,ENERGIA ELÉTRICA DO DIA,EXTERNO,23/08/2025,7.404724576271186,20.62,0.01,5.544702733973592,20.61,3,TESTEMUNHA
1282-19,ENERGIA ELÉTRICA DO DIA,EXTERNO,23/09/2025,37.84623352165725,87.38,0.03,28.26726638704768,87.35,34,TESTEMUNHA
1282-19,ENERGIA ELÉTRICA DO DIA,EXTERNO,24/08/2025,5.621952481768995,17.57,0.0,4.30139186836885,17.57,4,TESTEMUNHA
1282-19,ENERGIA ELÉTRICA DO DIA,EXTERNO,24/09/2025,44.02105696798494,108.43,0.03,34.86163294564751,108.4,35,TESTEMUNHA
1282-19,ENERGIA ELÉTRICA DO DIA,EXTERNO,25/08/2025,5.645491996233521,17.58,0.0,4.2908175006463605,17.58,5,TESTEMUNHA
1282-19,ENERGIA ELÉTRICA DO DIA,EXTERNO,25/09/2025,43.26233827334745,103.93,0.03,33.59332051596067,103.9,36,TESTEMUNHA
1282-19,ENERGIA ELÉTRICA DO DIA,EXTERNO,26/08/2025,6.485609698681732,24.09,0.0,5.743937797953677,24.09,6,TESTEMUNHA
1282-19,ENERGIA ELÉTRICA DO DIA,EXTERNO,26/09/2025,45.54631826741996,110.96,0.05,34.59385748389763,110.91,37,TESTEMUNHA
1282-19,ENERGIA ELÉTRICA DO DIA,EXTERNO,27/08/2025,3.676560734463277,13.71,0.0,3.1748273027283496,13.71,7,TESTEMUNHA
1282-19,ENERGIA ELÉTRICA DO DIA,EXTERNO,27/09/2025,49.23804849340866,124.36,0.06,36.9982319986623,124.3,38,TESTEMUNHA
1282-19,ENERGIA ELÉTRICA DO DIA,EXTERNO,28/08/2025,7.609454246059751,26.61,0.01,6.78197663580832,26.599999999999998,8,TESTEMUNHA
1282-19,ENERGIA ELÉTRICA DO DIA,EXTERNO,28/09/2025,62.170905669254296,140.75,0.1,40.01219776031116,140.65,39,TESTEMUNHA
1282-19,ENERGIA ELÉTRICA DO DIA,EXTERNO,29/08/2025,9.642358757062146,29.74,0.01,8.641851944432135,29.729999999999997,9,TESTEMUNHA
1282-19,ENERGIA ELÉTRICA DO DIA,EXTERNO,29/09/2025,70.2123352165725,154.33,0.11,43.526944656917394,154.22,40,TESTEMUNHA
1282-19,ENERGIA ELÉTRICA DO DIA,EXTERNO,30/08/2025,11.043439190778642,33.32,0.0,10.29929101070677,33.32,10,TESTEMUNHA
1282-19,ENERGIA ELÉTRICA DO DIA,EXTERNO,30/09/2025,43.12337802869913,111.14,0.0,30.268599567176192,111.14,41,TESTEMUNHA
1282-19,ENERGIA ELÉTRICA DO DIA,EXTERNO,31/08/2025,11.69055790960452,31.37,0.0,8.790554445106995,31.37,11,TESTEMUNHA
1282-19,TEMPERATURA,AVIÁRIO FRENTE,01/09/2025,26.24169835234474,29.3,24.4,1.065877078762575,4.900000000000002,12,TESTEMUNHA
1282-19,TEMPERATURA,AVIÁRIO FRENTE,01/10/2025,22.49898605830165,26.0,19.6,1.7623866137953106,6.399999999999999,42,TESTEMUNHA
1282-19,TEMPERATURA,AVIÁRIO FRENTE,02/09/2025,27.815220125786162,31.8,24.5,2.174727868894392,7.300000000000001,13,TESTEMUNHA
1282-19,TEMPERATURA,AVIÁRIO FRENTE,03/09/2025,27.93119496855346,32.5,23.6,2.3369512916074244,8.899999999999999,14,TESTEMUNHA
1282-19,TEMPERATURA,AVIÁRIO FRENTE,04/09/2025,27.14188679245283,30.6,24.4,1.5364564187788217,6.200000000000003,15,TESTEMUNHA
1282-19,TEMPERATURA,AVIÁRIO FRENTE,05/09/2025,23.395165394402035,26.9,21.5,1.0932371500655587,5.399999999999999,16,TESTEMUNHA
1282-19,TEMPERATURA,AVIÁRIO FRENTE,06/09/2025,23.61001267427123,28.6,20.0,1.7587193245949515,8.600000000000001,17,TESTEMUNHA
1282-19,TEMPERATURA,AVIÁRIO FRENTE,07/09/2025,24.942239185750633,28.7,21.7,1.6042713576888117,7.0,18,TESTEMUNHA
1282-19,TEMPERATURA,AVIÁRIO FRENTE,08/09/2025,26.55287356321839,30.9,21.7,2.539534413559638,9.2,19,TESTEMUNHA
1282-19,TEMPERATURA,AVIÁRIO FRENTE,09/09/2025,24.888205128205126,30.2,19.8,1.7510185633523476,10.399999999999999,20,TESTEMUNHA
1282-19,TEMPERATURA,AVIÁRIO FRENTE,10/09/2025,23.791730279898218,30.2,15.3,4.162542933448034,14.899999999999999,21,TESTEMUNHA
1282-19,TEMPERATURA,AVIÁRIO FRENTE,11/09/2025,24.44092664092664,29.8,18.6,3.141755678337543,11.2,22,TESTEMUNHA
1282-19,TEMPERATURA,AVIÁRIO FRENTE,12/09/2025,25.935714285714287,32.6,20.0,3.5205220304649263,12.600000000000001,23,TESTEMUNHA
1282-19,TEMPERATURA,AVIÁRIO FRENTE,13/09/2025,25.14575411913815,29.7,21.2,2.1886671686280863,8.5,24,TESTEMUNHA
1282-19,TEMPERATURA,AVIÁRIO FRENTE,14/09/2025,24.231558935361218,29.6,19.6,2.959957562833674,10.0,25,TESTEMUNHA
1282-19,TEMPERATURA,AVIÁRIO FRENTE,15/09/2025,24.714015151515152,31.8,18.8,3.5449128495467153,13.0,26,TESTEMUNHA
1282-19,TEMPERATURA,AVIÁRIO FRENTE,16/09/2025,25.871136653895274,32.8,21.3,2.6406411254625524,11.499999999999996,27,TESTEMUNHA
1282-19,TEMPERATURA,AVIÁRIO FRENTE,17/09/2025,26.231453634085213,34.9,21.1,2.7673536560901213,13.799999999999997,28,TESTEMUNHA
1282-19,TEMPERATURA,AVIÁRIO FRENTE,18/09/2025,25.40992366412214,34.1,20.9,2.309423827833385,13.200000000000003,29,TESTEMUNHA
1282-19,TEMPERATURA,AVIÁRIO FRENTE,19/09/2025,25.102083333333336,32.8,19.1,2.798319963487993,13.699999999999996,30,TESTEMUNHA
1282-19,TEMPERATURA,AVIÁRIO FRENTE,20/09/2025,24.884461152882203,29.9,20.6,1.8777443803042615,9.299999999999997,31,TESTEMUNHA
1282-19,TEMPERATURA,AVIÁRIO FRENTE,21/09/2025,25.487773487773488,30.9,22.2,1.8636652585151892,8.7,32,TESTEMUNHA
1282-19,TEMPERATURA,AVIÁRIO FRENTE,22/09/2025,21.63157894736842,26.2,17.8,1.9052952182269982,8.399999999999999,33,TESTEMUNHA
1282-19,TEMPERATURA,AVIÁRIO FRENTE,23/09/2025,20.23269476372925,27.6,13.6,3.8308092663039237,14.000000000000002,34,TESTEMUNHA
1282-19,TEMPERATURA,AVIÁRIO FRENTE,24/09/2025,20.546825396825398,28.7,15.6,3.7952285521644864,13.1,35,TESTEMUNHA
1282-19,TEMPERATURA,AVIÁRIO FRENTE,25/08/2025,27.291161616161613,29.2,26.1,0.4292319475404624,3.099999999999998,5,TESTEMUNHA
1282-19,TEMPERATURA,AVIÁRIO FRENTE,25/09/2025,22.955714285714286,27.8,20.5,1.871716989770592,7.300000000000001,36,TESTEMUNHA
1282-19,TEMPERATURA,AVIÁRIO FRENTE,26/08/2025,27.126050420168067,31.0,25.7,0.952672389088307,5.300000000000001,6,TESTEMUNHA
1282-19,TEMPERATURA,AVIÁRIO FRENTE,26/09/2025,22.63869731800766,29.7,17.5,2.7291757632007583,12.2,37,TESTEMUNHA
1282-19,TEMPERATURA,AVIÁRIO FRENTE,27/08/2025,27.369095816464238,32.0,25.7,1.4449419874495104,6.300000000000001,7,TESTEMUNHA
1282-19,TEMPERATURA,AVIÁRIO FRENTE,27/09/2025,23.657735849056607,34.7,17.3,3.378578452233589,17.400000000000002,38,TESTEMUNHA
1282-19,TEMPERATURA,AVIÁRIO FRENTE,28/08/2025,27.169708491761725,31.2,25.4,1.2637913631501516,5.800000000000001,8,TESTEMUNHA
1282-19,TEMPERATURA,AVIÁRIO FRENTE,28/09/2025,25.318490566037738,38.3,20.0,3.533109911414768,18.299999999999997,39,TESTEMUNHA
1282-19,TEMPERATURA,AVIÁRIO FRENTE,29/08/2025,27.660178117048346,32.0,25.2,1.8469435500794402,6.800000000000001,9,TESTEMUNHA
1282-19,TEMPERATURA,AVIÁRIO FRENTE,29/09/2025,26.285213032581453,40.1,20.8,4.1628963664286225,19.3,40,TESTEMUNHA
1282-19,TEMPERATURA,AVIÁRIO FRENTE,30/08/2025,27.87550505050505,32.0,25.3,2.000575926540471,6.699999999999999,10,TESTEMUNHA
1282-19,TEMPERATURA,AVIÁRIO FRENTE,30/09/2025,25.530925221799748,38.8,20.5,4.372756049498508,18.299999999999997,41,TESTEMUNHA
1282-19,TEMPERATURA,AVIÁRIO FRENTE,31/08/2025,27.34337194337194,31.6,25.2,1.7047546370659483,6.400000000000002,11,TESTEMUNHA
1282-19,TEMPERATURA,AVIÁRIO FUNDO,01/09/2025,26.1319391634981,27.8,24.9,0.6936751494964194,2.900000000000002,12,TESTEMUNHA
1282-19,TEMPERATURA,AVIÁRIO FUNDO,01/10/2025,23.416920152091254,26.7,20.2,1.6403186481256067,6.5,42,TESTEMUNHA
1282-19,TEMPERATURA,AVIÁRIO FUNDO,02/09/2025,27.63075471698113,31.4,24.8,2.1450199885215975,6.599999999999998,13,TESTEMUNHA
1282-19,TEMPERATURA,AVIÁRIO FUNDO,03/09/2025,27.928301886792454,31.9,24.3,2.4312802248004726,7.599999999999998,14,TESTEMUNHA
1282-19,TEMPERATURA,AVIÁRIO FUNDO,04/09/2025,26.843773584905662,29.3,24.8,1.202077174578144,4.5,15,TESTEMUNHA
1282-19,TEMPERATURA,AVIÁRIO FUNDO,05/09/2025,23.445419847328242,25.7,22.0,0.796244773771791,3.6999999999999993,16,TESTEMUNHA
1282-19,TEMPERATURA,AVIÁRIO FUNDO,06/09/2025,24.11615969581749,26.6,20.9,1.7071604080776621,5.700000000000003,17,TESTEMUNHA
1282-19,TEMPERATURA,AVIÁRIO FUNDO,07/09/2025,25.54293893129771,27.6,23.2,1.0786122286448603,4.400000000000002,18,TESTEMUNHA
1282-19,TEMPERATURA,AVIÁRIO FUNDO,08/09/2025,27.644444444444442,31.5,23.7,2.4452819881770202,7.800000000000001,19,TESTEMUNHA
1282-19,TEMPERATURA,AVIÁRIO FUNDO,09/09/2025,25.907115384615388,29.1,22.3,1.1816088063744181,6.800000000000001,20,TESTEMUNHA
1282-19,TEMPERATURA,AVIÁRIO FUNDO,10/09/2025,25.13129770992366,31.4,18.3,3.657322133225099,13.099999999999998,21,TESTEMUNHA
1282-19,TEMPERATURA,AVIÁRIO FUNDO,11/09/2025,25.814285714285713,30.3,20.9,2.96963210470361,9.400000000000002,22,TESTEMUNHA
1282-19,TEMPERATURA,AVIÁRIO FUNDO,12/09/2025,27.19172932330827,33.2,21.6,3.654758873438125,11.600000000000001,23,TESTEMUNHA
1282-19,TEMPERATURA,AVIÁRIO FUNDO,13/09/2025,26.18422053231939,30.4,22.8,2.1606923225166264,7.599999999999998,24,TESTEMUNHA
1282-19,TEMPERATURA,AVIÁRIO FUNDO,14/09/2025,25.62281368821293,30.3,21.0,2.9814337517775416,9.3,25,TESTEMUNHA
1282-19,TEMPERATURA,AVIÁRIO FUNDO,15/09/2025,26.01344696969697,32.0,20.4,3.6229629925894367,11.600000000000001,26,TESTEMUNHA
1282-19,TEMPERATURA,AVIÁRIO FUNDO,16/09/2025,27.023946360153257,30.9,23.4,2.3413289405486486,7.5,27,TESTEMUNHA
1282-19,TEMPERATURA,AVIÁRIO FUNDO,17/09/2025,27.678383458646614,32.0,23.4,2.4573051325819804,8.600000000000001,28,TESTEMUNHA
1282-19,TEMPERATURA,AVIÁRIO FUNDO,18/09/2025,26.710496183206107,30.1,22.9,2.0208513581699816,7.200000000000003,29,TESTEMUNHA
1282-19,TEMPERATURA,AVIÁRIO FUNDO,19/09/2025,26.4646484375,30.6,20.8,2.8396915190349286,9.8,30,TESTEMUNHA
1282-19,TEMPERATURA,AVIÁRIO FUNDO,20/09/2025,26.82330827067669,30.7,23.2,1.827448906665526,7.5,31,TESTEMUNHA
1282-19,TEMPERATURA,AVIÁRIO FUNDO,21/09/2025,27.538223938223936,30.3,25.2,1.3239136772294373,5.100000000000001,32,TESTEMUNHA
1282-19,TEMPERATURA,AVIÁRIO FUNDO,22/09/2025,23.97105263157895,27.7,19.4,1.9611283481811224,8.3,33,TESTEMUNHA
1282-19,TEMPERATURA,AVIÁRIO FUNDO,23/09/2025,21.906513409961686,28.7,15.4,4.043062705786743,13.299999999999999,34,TESTEMUNHA
1282-19,TEMPERATURA,AVIÁRIO FUNDO,24/09/2025,22.872619047619047,29.3,18.4,3.7133318753890068,10.900000000000002,35,TESTEMUNHA
1282-19,TEMPERATURA,AVIÁRIO FUNDO,25/08/2025,25.105681818181818,26.6,23.5,0.9043277204824975,3.1000000000000014,5,TESTEMUNHA
1282-19,TEMPERATURA,AVIÁRIO FUNDO,25/09/2025,25.09785714285714,28.9,23.1,1.5022586736141914,5.799999999999997,36,TESTEMUNHA
1282-19,TEMPERATURA,AVIÁRIO FUNDO,26/08/2025,25.360504201680673,28.2,23.0,1.239728791660932,5.199999999999999,6,TESTEMUNHA
1282-19,TEMPERATURA,AVIÁRIO FUNDO,26/09/2025,24.532758620689656,28.9,19.3,2.622789099072027,9.599999999999998,37,TESTEMUNHA
1282-19,TEMPERATURA,AVIÁRIO FUNDO,27/08/2025,26.133400809716598,29.0,23.4,1.4801513262715464,5.600000000000001,7,TESTEMUNHA
1282-19,TEMPERATURA,AVIÁRIO FUNDO,27/09/2025,25.443584905660376,29.4,21.2,2.4308951642131302,8.2,38,TESTEMUNHA
1282-19,TEMPERATURA,AVIÁRIO FUNDO,28/08/2025,26.5254752851711,29.9,24.1,1.5324491637582238,5.799999999999997,8,TESTEMUNHA
1282-19,TEMPERATURA,AVIÁRIO FUNDO,28/09/2025,26.01754716981132,29.1,22.6,1.8620878986005704,6.5,39,TESTEMUNHA
1282-19,TEMPERATURA,AVIÁRIO FUNDO,29/08/2025,27.255534351145037,31.2,24.9,1.9232873567030007,6.300000000000001,9,TESTEMUNHA
1282-19,TEMPERATURA,AVIÁRIO FUNDO,29/09/2025,26.138345864661655,28.8,23.0,1.737445701191321,5.800000000000001,40,TESTEMUNHA
1282-19,TEMPERATURA,AVIÁRIO FUNDO,30/08/2025,27.473484848484848,31.5,24.7,2.064246867154785,6.800000000000001,10,TESTEMUNHA
1282-19,TEMPERATURA,AVIÁRIO FUNDO,30/09/2025,24.803612167300383,27.7,22.7,1.2083699991761225,5.0,41,TESTEMUNHA
1282-19,TEMPERATURA,AVIÁRIO FUNDO,31/08/2025,26.874710424710425,31.1,24.4,1.7213056834607916,6.700000000000003,11,TESTEMUNHA
1282-19,TEMPERATURA,AVIÁRIO MEIO,01/09/2025,26.236311787072243,28.1,24.7,0.7207099964525194,3.400000000000002,12,TESTEMUNHA
1282-19,TEMPERATURA,AVIÁRIO MEIO,01/10/2025,22.777756653992395,26.5,19.7,1.8652157913730194,6.800000000000001,42,TESTEMUNHA
1282-19,TEMPERATURA,AVIÁRIO MEIO,02/09/2025,27.736792452830187,31.4,24.6,2.062619943759851,6.799999999999997,13,TESTEMUNHA
1282-19,TEMPERATURA,AVIÁRIO MEIO,03/09/2025,27.934905660377357,31.8,23.8,2.3600144887958816,8.0,14,TESTEMUNHA
1282-19,TEMPERATURA,AVIÁRIO MEIO,04/09/2025,26.87188679245283,29.3,24.3,1.311121594757959,5.0,15,TESTEMUNHA
1282-19,TEMPERATURA,AVIÁRIO MEIO,05/09/2025,23.592938931297713,25.8,22.0,0.8742541794674059,3.8000000000000007,16,TESTEMUNHA
1282-19,TEMPERATURA,AVIÁRIO MEIO,06/09/2025,24.2351711026616,27.0,20.5,1.4834955986642195,6.5,17,TESTEMUNHA
1282-19,TEMPERATURA,AVIÁRIO MEIO,07/09/2025,25.419274809160306,27.5,22.8,1.2138634023622505,4.699999999999999,18,TESTEMUNHA
1282-19,TEMPERATURA,AVIÁRIO MEIO,08/09/2025,27.462068965517243,31.3,22.6,2.5993916785840305,8.7,19,TESTEMUNHA
1282-19,TEMPERATURA,AVIÁRIO MEIO,09/09/2025,25.627499999999998,29.1,21.3,1.3526588844540062,7.800000000000001,20,TESTEMUNHA
1282-19,TEMPERATURA,AVIÁRIO MEIO,10/09/2025,24.74713740458015,31.3,16.8,3.9888455412703614,14.5,21,TESTEMUNHA
1282-19,TEMPERATURA,AVIÁRIO MEIO,11/09/2025,25.43861003861004,30.2,19.2,3.3529586425634292,11.0,22,TESTEMUNHA
1282-19,TEMPERATURA,AVIÁRIO MEIO,12/09/2025,26.958646616541355,33.1,20.6,3.75502926551771,12.5,23,TESTEMUNHA
1282-19,TEMPERATURA,AVIÁRIO MEIO,13/09/2025,25.94980988593156,29.8,22.0,2.181609524169645,7.800000000000001,24,TESTEMUNHA
1282-19,TEMPERATURA,AVIÁRIO MEIO,14/09/2025,25.163307984790872,30.0,20.2,3.0328310771303864,9.8,25,TESTEMUNHA
1282-19,TEMPERATURA,AVIÁRIO MEIO,15/09/2025,25.586742424242424,32.1,19.2,3.6760453051030137,12.900000000000002,26,TESTEMUNHA
1282-19,TEMPERATURA,AVIÁRIO MEIO,16/09/2025,26.454980842911876,30.8,22.5,2.4021191353946576,8.3,27,TESTEMUNHA
1282-19,TEMPERATURA,AVIÁRIO MEIO,17/09/2025,27.078383458646616,32.1,22.4,2.6017567119732528,9.700000000000003,28,TESTEMUNHA
1282-19,TEMPERATURA,AVIÁRIO MEIO,18/09/2025,26.17557251908397,29.6,22.0,1.9625245310103006,7.600000000000001,29,TESTEMUNHA
1282-19,TEMPERATURA,AVIÁRIO MEIO,19/09/2025,25.909375,30.3,20.2,2.8076746801178696,10.100000000000001,30,TESTEMUNHA
1282-19,TEMPERATURA,AVIÁRIO MEIO,20/09/2025,26.005827067669173,30.7,22.0,1.8743279176885452,8.7,31,TESTEMUNHA
1282-19,TEMPERATURA,AVIÁRIO MEIO,21/09/2025,26.837644787644788,29.7,24.7,1.3586388306977362,5.0,32,TESTEMUNHA
1282-19,TEMPERATURA,AVIÁRIO MEIO,22/09/2025,23.22914979757085,26.7,18.7,1.7980872894933606,8.0,33,TESTEMUNHA
1282-19,TEMPERATURA,AVIÁRIO MEIO,23/09/2025,21.350957854406133,27.9,14.7,3.797166850957319,13.2,34,TESTEMUNHA
1282-19,TEMPERATURA,AVIÁRIO MEIO,24/09/2025,22.098511904761907,28.5,17.4,3.836327475575847,11.100000000000001,35,TESTEMUNHA
1282-19,TEMPERATURA,AVIÁRIO MEIO,25/08/2025,26.13560606060606,28.2,23.1,1.3119862674676899,5.099999999999998,5,TESTEMUNHA
1282-19,TEMPERATURA,AVIÁRIO MEIO,25/09/2025,24.40357142857143,28.2,22.7,1.4974936543765105,5.5,36,TESTEMUNHA
1282-19,TEMPERATURA,AVIÁRIO MEIO,26/08/2025,26.28676470588235,28.3,22.3,1.3922705426620305,6.0,6,TESTEMUNHA
1282-19,TEMPERATURA,AVIÁRIO MEIO,26/09/2025,23.880268199233715,28.3,18.8,2.583104091590681,9.5,37,TESTEMUNHA
1282-19,TEMPERATURA,AVIÁRIO MEIO,27/08/2025,27.011943319838057,29.0,25.5,0.7986064968858181,3.5,7,TESTEMUNHA
1282-19,TEMPERATURA,AVIÁRIO MEIO,27/09/2025,24.624716981132075,28.8,19.6,2.6976671289779603,9.2,38,TESTEMUNHA
1282-19,TEMPERATURA,AVIÁRIO MEIO,28/08/2025,27.256273764258555,29.6,25.5,1.1191508668163364,4.100000000000001,8,TESTEMUNHA
1282-19,TEMPERATURA,AVIÁRIO MEIO,28/09/2025,25.248301886792454,28.6,21.9,1.9665137583283094,6.700000000000003,39,TESTEMUNHA
1282-19,TEMPERATURA,AVIÁRIO MEIO,29/08/2025,27.780725190839696,31.3,25.3,1.5510494627606608,6.0,9,TESTEMUNHA
1282-19,TEMPERATURA,AVIÁRIO MEIO,29/09/2025,25.416541353383458,28.2,22.1,1.7992032677454306,6.099999999999998,40,TESTEMUNHA
1282-19,TEMPERATURA,AVIÁRIO MEIO,30/08/2025,27.77746212121212,31.4,25.5,1.7600694067982092,5.899999999999999,10,TESTEMUNHA
1282-19,TEMPERATURA,AVIÁRIO MEIO,30/09/2025,24.0893536121673,27.3,21.5,1.3257757469618383,5.800000000000001,41,TESTEMUNHA
1282-19,TEMPERATURA,AVIÁRIO MEIO,31/08/2025,27.127220077220077,31.0,25.2,1.4465550855942533,5.800000000000001,11,TESTEMUNHA
1282-19,TEMPERATURA,EXTERNO,01/09/2025,20.08555133079848,23.3,17.6,1.4511894885836714,5.699999999999999,12,TESTEMUNHA
1282-19,TEMPERATURA,EXTERNO,01/10/2025,22.60684410646388,27.2,19.4,2.3912289668483897,7.800000000000001,42,TESTEMUNHA
1282-19,TEMPERATURA,EXTERNO,02/09/2025,24.818867924528302,32.3,18.2,4.787407089744238,14.099999999999998,13,TESTEMUNHA
1282-19,TEMPERATURA,EXTERNO,03/09/2025,26.275471698113208,34.8,18.4,5.332403814217211,16.4,14,TESTEMUNHA
1282-19,TEMPERATURA,EXTERNO,04/09/2025,23.27622641509434,30.3,18.8,3.368500156928437,11.5,15,TESTEMUNHA
1282-19,TEMPERATURA,EXTERNO,05/09/2025,16.242748091603055,20.5,13.6,1.759555397276276,6.9,16,TESTEMUNHA
1282-19,TEMPERATURA,EXTERNO,06/09/2025,18.66083650190114,26.3,13.0,3.9995943786590047,13.3,17,TESTEMUNHA
1282-19,TEMPERATURA,EXTERNO,07/09/2025,20.14236641221374,24.9,15.9,2.7343724825589693,8.999999999999998,18,TESTEMUNHA
1282-19,TEMPERATURA,EXTERNO,08/09/2025,25.303831417624522,33.5,17.7,5.284378832913171,15.8,19,TESTEMUNHA
1282-19,TEMPERATURA,EXTERNO,09/09/2025,22.48807692307692,32.8,15.6,4.305690795314059,17.199999999999996,20,TESTEMUNHA
1282-19,TEMPERATURA,EXTERNO,10/09/2025,21.94580152671756,31.7,11.1,6.734844558546526,20.6,21,TESTEMUNHA
1282-19,TEMPERATURA,EXTERNO,11/09/2025,23.873359073359072,34.4,15.2,5.954695813401367,19.2,22,TESTEMUNHA
1282-19,TEMPERATURA,EXTERNO,12/09/2025,26.878571428571426,38.5,17.2,6.406947549851815,21.3,23,TESTEMUNHA
1282-19,TEMPERATURA,EXTERNO,13/09/2025,23.088212927756654,29.5,18.9,3.2255830139304926,10.600000000000001,24,TESTEMUNHA
1282-19,TEMPERATURA,EXTERNO,14/09/2025,23.15513307984791,31.0,17.1,4.664154453849259,13.899999999999999,25,TESTEMUNHA
1282-19,TEMPERATURA,EXTERNO,15/09/2025,24.35719696969697,35.2,16.2,5.910912585850553,19.000000000000004,26,TESTEMUNHA
1282-19,TEMPERATURA,EXTERNO,16/09/2025,26.037931034482757,36.9,19.2,5.724222406245532,17.7,27,TESTEMUNHA
1282-19,TEMPERATURA,EXTERNO,17/09/2025,27.594736842105263,38.0,19.0,5.706905404126665,19.0,28,TESTEMUNHA
1282-19,TEMPERATURA,EXTERNO,18/09/2025,25.630534351145037,33.2,18.4,4.52387885195223,14.800000000000004,29,TESTEMUNHA
1282-19,TEMPERATURA,EXTERNO,19/09/2025,26.879296875,36.7,17.3,5.977575371178108,19.400000000000002,30,TESTEMUNHA
1282-19,TEMPERATURA,EXTERNO,20/09/2025,28.148120300751877,38.6,20.2,6.372982228263975,18.400000000000002,31,TESTEMUNHA
1282-19,TEMPERATURA,EXTERNO,21/09/2025,29.96100386100386,38.6,21.7,5.757632550189073,16.900000000000002,32,TESTEMUNHA
1282-19,TEMPERATURA,EXTERNO,22/09/2025,20.753441295546562,28.4,15.4,3.592871132576089,12.999999999999998,33,TESTEMUNHA
1282-19,TEMPERATURA,EXTERNO,23/09/2025,19.75593869731801,27.8,10.7,5.5830145028264715,17.1,34,TESTEMUNHA
1282-19,TEMPERATURA,EXTERNO,24/09/2025,22.10892857142857,33.8,14.8,6.772113955292645,18.999999999999996,35,TESTEMUNHA
1282-19,TEMPERATURA,EXTERNO,25/08/2025,14.76969696969697,19.2,11.4,1.7384222816636767,7.799999999999999,5,TESTEMUNHA
1282-19,TEMPERATURA,EXTERNO,25/09/2025,22.771428571428572,30.0,19.4,3.0512359489764926,10.600000000000001,36,TESTEMUNHA
1282-19,TEMPERATURA,EXTERNO,26/08/2025,16.145378151260505,24.2,11.6,4.059551407496997,12.6,6,TESTEMUNHA
1282-19,TEMPERATURA,EXTERNO,26/09/2025,22.16743295019157,29.4,14.8,4.534074136596759,14.599999999999998,37,TESTEMUNHA
1282-19,TEMPERATURA,EXTERNO,27/08/2025,18.823076923076925,25.7,10.3,4.9206490723966425,15.399999999999999,7,TESTEMUNHA
1282-19,TEMPERATURA,EXTERNO,27/09/2025,24.25433962264151,32.8,15.7,5.499920242795271,17.099999999999998,38,TESTEMUNHA
1282-19,TEMPERATURA,EXTERNO,28/08/2025,20.93916349809886,29.8,12.7,5.416060687317454,17.1,8,TESTEMUNHA
1282-19,TEMPERATURA,EXTERNO,28/09/2025,25.653584905660377,34.2,19.1,4.767737129617212,15.100000000000001,39,TESTEMUNHA
1282-19,TEMPERATURA,EXTERNO,29/08/2025,22.5,30.1,14.6,5.142963769644693,15.500000000000002,9,TESTEMUNHA
1282-19,TEMPERATURA,EXTERNO,29/09/2025,26.36052631578947,34.0,20.2,4.13785728135789,13.8,40,TESTEMUNHA
1282-19,TEMPERATURA,EXTERNO,30/08/2025,23.688257575757575,31.0,17.3,4.741808566265553,13.7,10,TESTEMUNHA
1282-19,TEMPERATURA,EXTERNO,30/09/2025,22.606463878326995,28.0,19.8,2.1896568227799738,8.2,41,TESTEMUNHA
1282-19,TEMPERATURA,EXTERNO,31/08/2025,22.775289575289577,30.9,16.3,4.39696361240461,14.599999999999998,11,TESTEMUNHA
1282-19,UMIDADE,AVIÁRIO MEIO,01/09/2025,6.665399239543726,7.0,6.0,0.4718507089730401,1.0,12,TESTEMUNHA
1282-19,UMIDADE,AVIÁRIO MEIO,01/10/2025,8.482889733840304,9.0,8.0,0.4997071530326096,1.0,42,TESTEMUNHA
1282-19,UMIDADE,AVIÁRIO MEIO,02/09/2025,6.279245283018868,7.0,5.0,0.6822157271177519,2.0,13,TESTEMUNHA
1282-19,UMIDADE,AVIÁRIO MEIO,03/09/2025,5.943396226415095,7.0,5.0,0.7725257360217479,2.0,14,TESTEMUNHA
1282-19,UMIDADE,AVIÁRIO MEIO,04/09/2025,6.305660377358491,8.0,5.0,0.6271875210359753,3.0,15,TESTEMUNHA
1282-19,UMIDADE,AVIÁRIO MEIO,05/09/2025,7.030534351145038,8.0,7.0,0.17205233083337404,1.0,16,TESTEMUNHA
1282-19,UMIDADE,AVIÁRIO MEIO,06/09/2025,6.863117870722434,7.0,6.0,0.3437228708742033,1.0,17,TESTEMUNHA
1282-19,UMIDADE,AVIÁRIO MEIO,07/09/2025,6.824427480916031,7.0,6.0,0.38045605479013694,1.0,18,TESTEMUNHA
1282-19,UMIDADE,AVIÁRIO MEIO,08/09/2025,6.528735632183908,8.0,6.0,0.5067909812654903,2.0,19,TESTEMUNHA
1282-19,UMIDADE,AVIÁRIO MEIO,09/09/2025,6.742307692307692,8.0,6.0,0.502817505450021,2.0,20,TESTEMUNHA
1282-19,UMIDADE,AVIÁRIO MEIO,10/09/2025,5.709923664122138,7.0,4.0,1.1753742273529328,3.0,21,TESTEMUNHA
1282-19,UMIDADE,AVIÁRIO MEIO,11/09/2025,5.486486486486487,6.0,4.0,0.6358125033315013,2.0,22,TESTEMUNHA
1282-19,UMIDADE,AVIÁRIO MEIO,12/09/2025,5.533834586466165,7.0,4.0,0.8411312842238234,3.0,23,TESTEMUNHA
1282-19,UMIDADE,AVIÁRIO MEIO,13/09/2025,5.8783269961977185,7.0,5.0,0.43648467792361945,2.0,24,TESTEMUNHA
1282-19,UMIDADE,AVIÁRIO MEIO,14/09/2025,6.2091254752851714,7.0,5.0,0.8709465565739611,2.0,25,TESTEMUNHA
1282-19,UMIDADE,AVIÁRIO MEIO,15/09/2025,6.321969696969697,7.0,5.0,0.777604557321118,2.0,26,TESTEMUNHA
1282-19,UMIDADE,AVIÁRIO MEIO,16/09/2025,6.7011494252873565,8.0,6.0,0.5894658117222102,2.0,27,TESTEMUNHA
1282-19,UMIDADE,AVIÁRIO MEIO,17/09/2025,6.511278195488722,7.0,6.0,0.4998727861231422,1.0,28,TESTEMUNHA
1282-19,UMIDADE,AVIÁRIO MEIO,18/09/2025,6.00763358778626,7.0,5.0,0.42795774932548425,2.0,29,TESTEMUNHA
1282-19,UMIDADE,AVIÁRIO MEIO,19/09/2025,5.8671875,7.0,5.0,0.6539673843883577,2.0,30,TESTEMUNHA
1282-19,UMIDADE,AVIÁRIO MEIO,20/09/2025,6.879699248120301,8.0,6.0,0.8846017241110172,2.0,31,TESTEMUNHA
1282-19,UMIDADE,AVIÁRIO MEIO,21/09/2025,7.806949806949807,8.0,7.0,0.3946920521285841,1.0,32,TESTEMUNHA
1282-19,UMIDADE,AVIÁRIO MEIO,22/09/2025,6.825910931174089,9.0,5.0,1.2395542003270854,4.0,33,TESTEMUNHA
1282-19,UMIDADE,AVIÁRIO MEIO,23/09/2025,5.739463601532567,7.0,4.0,1.02138724105245,3.0,34,TESTEMUNHA
1282-19,UMIDADE,AVIÁRIO MEIO,24/09/2025,6.148809523809524,7.0,5.0,0.753087936372174,2.0,35,TESTEMUNHA
1282-19,UMIDADE,AVIÁRIO MEIO,25/08/2025,5.992424242424242,6.0,5.0,0.08670850865348582,1.0,5,TESTEMUNHA
1282-19,UMIDADE,AVIÁRIO MEIO,25/09/2025,5.5,6.0,5.0,0.5,1.0,36,TESTEMUNHA
1282-19,UMIDADE,AVIÁRIO MEIO,26/08/2025,6.004201680672269,7.0,6.0,0.06468405175773713,1.0,6,TESTEMUNHA
1282-19,UMIDADE,AVIÁRIO MEIO,26/09/2025,6.053639846743295,7.0,5.0,0.6289596169799426,2.0,37,TESTEMUNHA
1282-19,UMIDADE,AVIÁRIO MEIO,27/08/2025,6.068825910931174,7.0,5.0,0.4921651722110451,2.0,7,TESTEMUNHA
1282-19,UMIDADE,AVIÁRIO MEIO,27/09/2025,6.275471698113208,7.0,5.0,0.47141123351675823,2.0,38,TESTEMUNHA
1282-19,UMIDADE,AVIÁRIO MEIO,28/08/2025,5.897338403041825,7.0,5.0,0.48642459383072395,2.0,8,TESTEMUNHA
1282-19,UMIDADE,AVIÁRIO MEIO,28/09/2025,7.39622641509434,8.0,6.0,0.5808134387417277,2.0,39,TESTEMUNHA
1282-19,UMIDADE,AVIÁRIO MEIO,29/08/2025,5.973282442748092,7.0,5.0,0.34293845340164325,2.0,9,TESTEMUNHA
1282-19,UMIDADE,AVIÁRIO MEIO,29/09/2025,7.635338345864661,8.0,7.0,0.4813351557268854,1.0,40,TESTEMUNHA
1282-19,UMIDADE,AVIÁRIO MEIO,30/08/2025,6.140151515151516,7.0,5.0,0.6736782624410388,2.0,10,TESTEMUNHA
1282-19,UMIDADE,AVIÁRIO MEIO,30/09/2025,8.045627376425855,9.0,7.0,0.5633025630169617,2.0,41,TESTEMUNHA
1282-19,UMIDADE,AVIÁRIO MEIO,31/08/2025,5.8108108108108105,7.0,5.0,0.4013958739263968,2.0,11,TESTEMUNHA
1283-19,AMÔNIA,AVIÁRIO MEIO,01/09/2025,11.9140625,19.0,0.0,3.0453020779708786,19.0,12,CLIMA200
1283-19,AMÔNIA,AVIÁRIO MEIO,01/10/2025,4.897119341563786,13.0,2.0,1.6259571205213412,11.0,42,CLIMA200
1283-19,AMÔNIA,AVIÁRIO MEIO,02/09/2025,6.447368421052632,16.0,0.0,4.912682359160857,16.0,13,CLIMA200
1283-19,AMÔNIA,AVIÁRIO MEIO,03/09/2025,4.734848484848484,15.0,0.0,4.27352641355429,15.0,14,CLIMA200
1283-19,AMÔNIA,AVIÁRIO MEIO,04/09/2025,4.932075471698113,10.0,0.0,2.4112764634075607,10.0,15,CLIMA200
1283-19,AMÔNIA,AVIÁRIO MEIO,05/09/2025,7.583657587548638,15.0,0.0,2.487674958645992,15.0,16,CLIMA200
1283-19,AMÔNIA,AVIÁRIO MEIO,06/09/2025,10.438931297709924,18.0,0.0,3.206936006928092,18.0,17,CLIMA200
1283-19,AMÔNIA,AVIÁRIO MEIO,07/09/2025,9.700757575757576,19.0,4.0,3.1075176737623935,15.0,18,CLIMA200
1283-19,AMÔNIA,AVIÁRIO MEIO,08/09/2025,5.38403041825095,15.0,0.0,3.8872967176352575,15.0,19,CLIMA200
1283-19,AMÔNIA,AVIÁRIO MEIO,09/09/2025,8.354961832061068,16.0,0.0,3.1319509257963567,16.0,20,CLIMA200
1283-19,AMÔNIA,AVIÁRIO MEIO,10/09/2025,5.1477272727272725,14.0,1.0,3.259739855512988,13.0,21,CLIMA200
1283-19,AMÔNIA,AVIÁRIO MEIO,11/09/2025,3.7192307692307693,9.0,0.0,2.072256152634171,9.0,22,CLIMA200
1283-19,AMÔNIA,AVIÁRIO MEIO,12/09/2025,3.7030075187969924,15.0,0.0,2.1146975769714054,15.0,23,CLIMA200
1283-19,AMÔNIA,AVIÁRIO MEIO,13/09/2025,5.2846153846153845,13.0,0.0,2.7378672648182403,13.0,24,CLIMA200
1283-19,AMÔNIA,AVIÁRIO MEIO,14/09/2025,3.4732824427480917,9.0,0.0,2.32913260490219,9.0,25,CLIMA200
1283-19,AMÔNIA,AVIÁRIO MEIO,15/09/2025,2.811320754716981,8.0,0.0,2.006184812246867,8.0,26,CLIMA200
1283-19,AMÔNIA,AVIÁRIO MEIO,16/09/2025,3.0,8.0,0.0,2.160847218196859,8.0,27,CLIMA200
1283-19,AMÔNIA,AVIÁRIO MEIO,17/09/2025,2.553030303030303,10.0,1.0,2.1857471988460935,9.0,28,CLIMA200
1283-19,AMÔNIA,AVIÁRIO MEIO,18/09/2025,2.3448275862068964,11.0,0.0,2.1054258651687934,11.0,29,CLIMA200
1283-19,AMÔNIA,AVIÁRIO MEIO,19/09/2025,1.874015748031496,6.0,0.0,1.3544451517294225,6.0,30,CLIMA200
1283-19,AMÔNIA,AVIÁRIO MEIO,20/09/2025,1.178030303030303,4.0,0.0,0.605006185034675,4.0,31,CLIMA200
1283-19,AMÔNIA,AVIÁRIO MEIO,21/09/2025,1.0772200772200773,2.0,0.0,0.4325358398148275,2.0,32,CLIMA200
1283-19,AMÔNIA,AVIÁRIO MEIO,22/09/2025,2.4696356275303644,5.0,0.0,0.9032605517333986,5.0,33,CLIMA200
1283-19,AMÔNIA,AVIÁRIO MEIO,23/09/2025,2.772200772200772,7.0,0.0,1.7679688032938405,7.0,34,CLIMA200
1283-19,AMÔNIA,AVIÁRIO MEIO,24/09/2025,2.7823529411764705,7.0,0.0,1.8390327681940173,7.0,35,CLIMA200
1283-19,AMÔNIA,AVIÁRIO MEIO,25/08/2025,29.25581395348837,41.0,0.0,4.10195466691402,41.0,5,CLIMA200
1283-19,AMÔNIA,AVIÁRIO MEIO,25/09/2025,1.542857142857143,3.0,1.0,0.5778213833187624,2.0,36,CLIMA200
1283-19,AMÔNIA,AVIÁRIO MEIO,26/08/2025,25.451882845188283,45.0,16.0,4.3378246156704705,29.0,6,CLIMA200
1283-19,AMÔNIA,AVIÁRIO MEIO,26/09/2025,1.6525096525096525,6.0,0.0,0.9600632796186299,6.0,37,CLIMA200
1283-19,AMÔNIA,AVIÁRIO MEIO,27/08/2025,19.959183673469386,27.0,5.0,5.799926754194331,22.0,7,CLIMA200
1283-19,AMÔNIA,AVIÁRIO MEIO,27/09/2025,2.2547528517110265,8.0,0.0,1.378724211808043,8.0,38,CLIMA200
1283-19,AMÔNIA,AVIÁRIO MEIO,28/08/2025,17.75665399239544,27.0,0.0,6.904130536282445,27.0,8,CLIMA200
1283-19,AMÔNIA,AVIÁRIO MEIO,28/09/2025,2.2807692307692307,4.0,0.0,0.6028899828003008,4.0,39,CLIMA200
1283-19,AMÔNIA,AVIÁRIO MEIO,29/08/2025,14.334600760456274,28.0,1.0,8.08146617656977,27.0,9,CLIMA200
1283-19,AMÔNIA,AVIÁRIO MEIO,29/09/2025,2.898496240601504,4.0,2.0,0.5760227859953687,2.0,40,CLIMA200
1283-19,AMÔNIA,AVIÁRIO MEIO,30/08/2025,10.75,23.0,0.0,6.9808992648121295,23.0,10,CLIMA200
1283-19,AMÔNIA,AVIÁRIO MEIO,30/09/2025,3.3840304182509504,8.0,2.0,0.8854826781022971,6.0,41,CLIMA200
1283-19,AMÔNIA,AVIÁRIO MEIO,31/08/2025,8.973180076628353,17.0,1.0,4.829194526230032,16.0,11,CLIMA200
1283-19,CO2,AVIÁRIO MEIO,01/09/2025,77.7333359375,"998,00","1.000,00",255.8439881501511,997.0,12,CLIMA200
1283-19,CO2,AVIÁRIO MEIO,01/10/2025,694.0864197530864,"960,00","576,00",70.43670903858309,384.0,42,CLIMA200
1283-19,CO2,AVIÁRIO MEIO,02/09/2025,434.19870676691727,"959,00","1.009,00",362.62559402655177,957.991,13,CLIMA200
1283-19,CO2,AVIÁRIO MEIO,03/09/2025,438.04012878787876,"967,00","1.014,00",331.087970790457,965.986,14,CLIMA200
1283-19,CO2,AVIÁRIO MEIO,04/09/2025,362.28769811320757,"995,00","1.011,00",390.77517388863123,993.989,15,CLIMA200
1283-19,CO2,AVIÁRIO MEIO,05/09/2025,1.431533073929961,"1.928,00","1.008,00",0.23755528513917593,0.9199999999999999,16,CLIMA200
1283-19,CO2,AVIÁRIO MEIO,06/09/2025,23.485919847328244,"996,00","1.011,00",144.41348235711527,994.989,17,CLIMA200
1283-19,CO2,AVIÁRIO MEIO,07/09/2025,248.9455946969697,"993,00","1.000,00",397.38610502330994,992.0,18,CLIMA200
1283-19,CO2,AVIÁRIO MEIO,08/09/2025,421.1794486692015,"961,00","1.006,00",353.15666577214256,959.994,19,CLIMA200
1283-19,CO2,AVIÁRIO MEIO,09/09/2025,265.55740458015265,"999,00","1.004,00",388.06963276039846,997.996,20,CLIMA200
1283-19,CO2,AVIÁRIO MEIO,10/09/2025,400.36559090909094,"996,00","1.000,00",381.9201456824321,995.0,21,CLIMA200
1283-19,CO2,AVIÁRIO MEIO,11/09/2025,714.0791153846154,"995,00","1.001,00",269.1214102242312,993.999,22,CLIMA200
1283-19,CO2,AVIÁRIO MEIO,12/09/2025,706.718045112782,"924,00","550,00",111.55715776591813,374.0,23,CLIMA200
1283-19,CO2,AVIÁRIO MEIO,13/09/2025,763.6923076923077,"973,00","558,00",116.17151419370903,415.0,24,CLIMA200
1283-19,CO2,AVIÁRIO MEIO,14/09/2025,745.1450381679389,"962,00","548,00",138.6224826800759,414.0,25,CLIMA200
1283-19,CO2,AVIÁRIO MEIO,15/09/2025,725.1962264150943,"995,00","561,00",134.76206560224097,434.0,26,CLIMA200
1283-19,CO2,AVIÁRIO MEIO,16/09/2025,734.4902723735408,"991,00","584,00",126.31139683940283,407.0,27,CLIMA200
1283-19,CO2,AVIÁRIO MEIO,17/09/2025,681.2426931818181,"993,00","1.004,00",156.08923112819144,991.996,28,CLIMA200
1283-19,CO2,AVIÁRIO MEIO,18/09/2025,684.6551724137931,"986,00","574,00",111.49411897136135,412.0,29,CLIMA200
1283-19,CO2,AVIÁRIO MEIO,19/09/2025,663.2874015748032,"896,00","566,00",93.75806568317034,330.0,30,CLIMA200
1283-19,CO2,AVIÁRIO MEIO,20/09/2025,628.2954545454545,"756,00","558,00",36.968606386051604,198.0,31,CLIMA200
1283-19,CO2,AVIÁRIO MEIO,21/09/2025,626.6833976833976,"688,00","562,00",33.18172955258038,126.0,32,CLIMA200
1283-19,CO2,AVIÁRIO MEIO,22/09/2025,733.579024291498,"995,00","1.006,00",112.44983357827098,993.994,33,CLIMA200
1283-19,CO2,AVIÁRIO MEIO,23/09/2025,755.722027027027,"998,00","1.000,00",142.72876289714645,997.0,34,CLIMA200
1283-19,CO2,AVIÁRIO MEIO,24/09/2025,741.9470588235295,"939,00","597,00",124.1335742498992,342.0,35,CLIMA200
1283-19,CO2,AVIÁRIO MEIO,25/08/2025,1.9034728682170543,"2.055,00","1.749,00",0.07008511741069456,0.30600000000000005,5,CLIMA200
1283-19,CO2,AVIÁRIO MEIO,25/09/2025,668.7,"805,00","587,00",55.02138545277466,218.0,36,CLIMA200
1283-19,CO2,AVIÁRIO MEIO,26/08/2025,1.8119666666666667,"2.301,00","1.213,00",0.2538195859704726,1.088,6,CLIMA200
1283-19,CO2,AVIÁRIO MEIO,26/09/2025,643.3204633204633,"780,00","573,00",40.69712983269624,207.0,37,CLIMA200
1283-19,CO2,AVIÁRIO MEIO,27/08/2025,130.26170612244897,"971,00","1.000,00",301.2553613755371,970.0,7,CLIMA200
1283-19,CO2,AVIÁRIO MEIO,27/09/2025,652.7072243346007,"897,00","580,00",65.67521354396068,317.0,38,CLIMA200
1283-19,CO2,AVIÁRIO MEIO,28/08/2025,142.22584030418253,"982,00","1.016,00",292.8009854729859,980.984,8,CLIMA200
1283-19,CO2,AVIÁRIO MEIO,28/09/2025,653.2576923076923,"730,00","615,00",20.356036206961438,115.0,39,CLIMA200
1283-19,CO2,AVIÁRIO MEIO,29/08/2025,221.66376045627376,"984,00","1.014,00",319.3257807506542,982.986,9,CLIMA200
1283-19,CO2,AVIÁRIO MEIO,29/09/2025,678.5563909774436,"743,00","622,00",20.883282350048578,121.0,40,CLIMA200
1283-19,CO2,AVIÁRIO MEIO,30/08/2025,287.65269318181817,"982,00","1.001,00",340.8432973129992,980.999,10,CLIMA200
1283-19,CO2,AVIÁRIO MEIO,30/09/2025,694.3650190114068,"769,00","632,00",21.104390022732,137.0,41,CLIMA200
1283-19,CO2,AVIÁRIO MEIO,31/08/2025,290.07363601532563,"982,00","1.007,00",358.70206091005446,980.993,11,CLIMA200
1283-19,CONSUMO DO SILO,EXTERNO,01/10/2025,5.316766784452296,"921,12","0,00",47.95012853247945,921.0,42,CLIMA200
1283-19,CONSUMO DO SILO,EXTERNO,10/09/2025,202.38047222222224,"928,06","0,00",326.6950320248981,928.0,21,CLIMA200
1283-19,CONSUMO DO SILO,EXTERNO,17/09/2025,42.723386363636365,"991,19","0,00",149.27945105117615,991.0,28,CLIMA200
1283-19,CONSUMO DO SILO,EXTERNO,18/09/2025,37.38626807760141,"996,51","0,00",149.01455617233094,996.0,29,CLIMA200
1283-19,CONSUMO DO SILO,EXTERNO,19/09/2025,34.35510350877193,"999,51","0,00",127.05504965825331,999.0,30,CLIMA200
1283-19,CONSUMO DO SILO,EXTERNO,20/09/2025,28.25815331010453,"863,33","0,00",106.48453633389586,863.0,31,CLIMA200
1283-19,CONSUMO DO SILO,EXTERNO,21/09/2025,26.53418661971831,"999,56","0,00",116.77017152395031,999.0,32,CLIMA200
1283-19,CONSUMO DO SILO,EXTERNO,22/09/2025,12.629085514834207,"983,11","0,00",89.46913819735846,983.0,33,CLIMA200
1283-19,CONSUMO DO SILO,EXTERNO,23/09/2025,121.7620777385159,"97,67","0,00",186.64701469746183,97.0,34,CLIMA200
1283-19,CONSUMO DO SILO,EXTERNO,24/09/2025,46.62390476190476,"99,98","0,00",161.79326720534013,99.0,35,CLIMA200
1283-19,CONSUMO DO SILO,EXTERNO,25/09/2025,20.318887521968367,"9,80","0,00",72.27878072895236,9.0,36,CLIMA200
1283-19,CONSUMO DO SILO,EXTERNO,26/09/2025,21.51538986013986,"9,94","0,00",93.70576659343726,9.0,37,CLIMA200
1283-19,CONSUMO DO SILO,EXTERNO,27/09/2025,21.697921847246892,"94,46","0,00",54.129483110165054,94.0,38,CLIMA200
1283-19,CONSUMO DO SILO,EXTERNO,28/09/2025,37.77348432055749,"939,31","0,00",126.50725083379614,939.0,39,CLIMA200
1283-19,CONSUMO DO SILO,EXTERNO,29/09/2025,21.413731578947367,"923,34","0,00",100.52898477187084,923.0,40,CLIMA200
1283-19,CONSUMO DO SILO,EXTERNO,30/09/2025,13.052858885017422,"953,28","0,00",88.5434733176256,953.0,41,CLIMA200
1283-19,CORRENTE ELÉTRICA,EXTERNO,01/09/2025,11.794814030131826,19.86,0.0,2.8126188216408514,19.86,12,CLIMA200
1283-19,CORRENTE ELÉTRICA,EXTERNO,01/10/2025,19.367029446407535,41.34,0.0,11.087163046285387,41.34,42,CLIMA200
1283-19,CORRENTE ELÉTRICA,EXTERNO,02/09/2025,12.197450564971751,20.19,1.02,2.979842862678622,19.17,13,CLIMA200
1283-19,CORRENTE ELÉTRICA,EXTERNO,03/09/2025,12.63282956685499,21.47,4.42,3.6451707529840287,17.049999999999997,14,CLIMA200
1283-19,CORRENTE ELÉTRICA,EXTERNO,04/09/2025,9.641959952885749,16.7,2.14,2.782079100401939,14.559999999999999,15,CLIMA200
1283-19,CORRENTE ELÉTRICA,EXTERNO,05/09/2025,11.886138987043582,18.9,1.13,2.628120298953403,17.77,16,CLIMA200
1283-19,CORRENTE ELÉTRICA,EXTERNO,06/09/2025,9.5040395480226,18.79,0.61,3.7898299854461257,18.18,17,CLIMA200
1283-19,CORRENTE ELÉTRICA,EXTERNO,07/09/2025,8.325160075329567,17.74,1.45,3.172050630170425,16.29,18,CLIMA200
1283-19,CORRENTE ELÉTRICA,EXTERNO,08/09/2025,12.605873912020702,21.05,2.22,4.266760241832628,18.830000000000002,19,CLIMA200
1283-19,CORRENTE ELÉTRICA,EXTERNO,09/09/2025,6.831822033898305,14.86,1.53,2.7020768716499273,13.33,20,CLIMA200
1283-19,CORRENTE ELÉTRICA,EXTERNO,10/09/2025,8.846459656551401,22.42,0.0,5.243655574771662,22.42,21,CLIMA200
1283-19,CORRENTE ELÉTRICA,EXTERNO,11/09/2025,9.742418899858956,22.3,0.0,4.948511385191048,22.3,22,CLIMA200
1283-19,CORRENTE ELÉTRICA,EXTERNO,12/09/2025,12.98142890772128,24.06,5.94,5.665078678845254,18.119999999999997,23,CLIMA200
1283-19,CORRENTE ELÉTRICA,EXTERNO,13/09/2025,10.771333803810869,22.43,0.0,4.889257489604606,22.43,24,CLIMA200
1283-19,CORRENTE ELÉTRICA,EXTERNO,14/09/2025,13.555477871939736,28.13,6.22,7.26399522679342,21.91,25,CLIMA200
1283-19,CORRENTE ELÉTRICA,EXTERNO,15/09/2025,14.56950835097624,27.81,0.0,7.966091929168271,27.81,26,CLIMA200
1283-19,CORRENTE ELÉTRICA,EXTERNO,16/09/2025,12.38171845574388,28.21,0.0,9.44835093642843,28.21,27,CLIMA200
1283-19,CORRENTE ELÉTRICA,EXTERNO,17/09/2025,13.381604328393319,30.01,0.0,10.148220917054424,30.01,28,CLIMA200
1283-19,CORRENTE ELÉTRICA,EXTERNO,18/09/2025,12.717953422724063,29.66,0.0,9.689755801297261,29.66,29,CLIMA200
1283-19,CORRENTE ELÉTRICA,EXTERNO,19/08/2025,4.6500775740479545,11.09,0.0,2.5319420656834883,11.09,-1,CLIMA200
1283-19,CORRENTE ELÉTRICA,EXTERNO,19/09/2025,13.847422850412249,36.08,0.0,12.11269703442702,36.08,30,CLIMA200
1283-19,CORRENTE ELÉTRICA,EXTERNO,20/08/2025,8.903662900188325,26.57,0.65,7.664181490561272,25.92,0,CLIMA200
1283-19,CORRENTE ELÉTRICA,EXTERNO,20/09/2025,14.86632768361582,37.12,0.0,12.49434882343315,37.12,31,CLIMA200
1283-19,CORRENTE ELÉTRICA,EXTERNO,21/08/2025,13.366466572504708,24.34,0.0,5.796458552208423,24.34,1,CLIMA200
1283-19,CORRENTE ELÉTRICA,EXTERNO,21/09/2025,17.449726737338043,37.48,0.0,13.699086918434592,37.48,32,CLIMA200
1283-19,CORRENTE ELÉTRICA,EXTERNO,22/08/2025,9.059073159256647,20.92,0.0,4.233655272617269,20.92,2,CLIMA200
1283-19,CORRENTE ELÉTRICA,EXTERNO,22/09/2025,9.696991525423728,34.67,0.0,7.928041452884034,34.67,33,CLIMA200
1283-19,CORRENTE ELÉTRICA,EXTERNO,23/08/2025,9.188762644083745,18.87,1.0,3.61866945722798,17.87,3,CLIMA200
1283-19,CORRENTE ELÉTRICA,EXTERNO,23/09/2025,12.328148670900964,35.39,0.0,11.514655617297207,35.39,34,CLIMA200
1283-19,CORRENTE ELÉTRICA,EXTERNO,24/08/2025,7.271186440677966,13.46,1.11,3.0674932801263446,12.350000000000001,4,CLIMA200
1283-19,CORRENTE ELÉTRICA,EXTERNO,24/09/2025,15.196504351917195,38.27,0.0,13.809322342032093,38.27,35,CLIMA200
1283-19,CORRENTE ELÉTRICA,EXTERNO,25/08/2025,7.657662429378531,14.57,0.0,3.002172231769841,14.57,5,CLIMA200
1283-19,CORRENTE ELÉTRICA,EXTERNO,25/09/2025,14.103578154425612,37.71,0.0,12.83596093883026,37.71,36,CLIMA200
1283-19,CORRENTE ELÉTRICA,EXTERNO,26/08/2025,8.06747824041402,14.41,0.0,2.9508378121533165,14.41,6,CLIMA200
1283-19,CORRENTE ELÉTRICA,EXTERNO,26/09/2025,15.043857915784521,37.41,0.0,13.674007189748997,37.41,37,CLIMA200
1283-19,CORRENTE ELÉTRICA,EXTERNO,27/08/2025,8.967655367231638,18.43,2.24,3.5007914711594537,16.189999999999998,7,CLIMA200
1283-19,CORRENTE ELÉTRICA,EXTERNO,27/09/2025,17.924890613973183,39.14,0.0,14.460017633332178,39.14,38,CLIMA200
1283-19,CORRENTE ELÉTRICA,EXTERNO,28/08/2025,10.352128910844508,16.57,4.36,2.794334012237868,12.21,8,CLIMA200
1283-19,CORRENTE ELÉTRICA,EXTERNO,28/09/2025,19.3305131826742,38.34,0.0,14.733123812015704,38.34,39,CLIMA200
1283-19,CORRENTE ELÉTRICA,EXTERNO,29/08/2025,10.140324858757062,18.22,4.27,2.3641410566838137,13.95,9,CLIMA200
1283-19,CORRENTE ELÉTRICA,EXTERNO,29/09/2025,20.646598447424136,38.53,0.0,15.216863630427016,38.53,40,CLIMA200
1283-19,CORRENTE ELÉTRICA,EXTERNO,30/08/2025,11.724703389830509,21.04,3.42,2.6116997475123576,17.619999999999997,10,CLIMA200
1283-19,CORRENTE ELÉTRICA,EXTERNO,30/09/2025,18.339623352165724,37.42,0.0,13.912768165659717,37.42,41,CLIMA200
1283-19,CORRENTE ELÉTRICA,EXTERNO,31/08/2025,11.98248882615855,18.84,4.76,2.4949814822192873,14.08,11,CLIMA200
1283-19,DIFERENCIAL DE PRESSÃO,AVIÁRIO MEIO,01/09/2025,8.66015625,31.0,-2.0,11.79370753730929,33.0,12,CLIMA200
1283-19,DIFERENCIAL DE PRESSÃO,AVIÁRIO MEIO,01/10/2025,21.679012345679013,48.0,-1.0,11.293496246103457,49.0,42,CLIMA200
1283-19,DIFERENCIAL DE PRESSÃO,AVIÁRIO MEIO,02/09/2025,19.026315789473685,34.0,-1.0,12.000127785891307,35.0,13,CLIMA200
1283-19,DIFERENCIAL DE PRESSÃO,AVIÁRIO MEIO,03/09/2025,20.553030303030305,69.0,-2.0,11.879645435186536,71.0,14,CLIMA200
1283-19,DIFERENCIAL DE PRESSÃO,AVIÁRIO MEIO,04/09/2025,16.671698113207547,48.0,-2.0,13.474285465824327,50.0,15,CLIMA200
1283-19,DIFERENCIAL DE PRESSÃO,AVIÁRIO MEIO,05/09/2025,9.085603112840467,30.0,-4.0,12.22679915727595,34.0,16,CLIMA200
1283-19,DIFERENCIAL DE PRESSÃO,AVIÁRIO MEIO,06/09/2025,13.69083969465649,35.0,-2.0,13.213449950722799,37.0,17,CLIMA200
1283-19,DIFERENCIAL DE PRESSÃO,AVIÁRIO MEIO,07/09/2025,19.022727272727273,58.0,-2.0,13.436137335610162,60.0,18,CLIMA200
1283-19,DIFERENCIAL DE PRESSÃO,AVIÁRIO MEIO,08/09/2025,26.29657794676806,66.0,2.0,7.218709036432314,64.0,19,CLIMA200
1283-19,DIFERENCIAL DE PRESSÃO,AVIÁRIO MEIO,09/09/2025,25.14503816793893,64.0,-1.0,8.02631372558063,65.0,20,CLIMA200
1283-19,DIFERENCIAL DE PRESSÃO,AVIÁRIO MEIO,10/09/2025,26.193181818181817,51.0,2.0,5.854662648224746,49.0,21,CLIMA200
1283-19,DIFERENCIAL DE PRESSÃO,AVIÁRIO MEIO,11/09/2025,26.53076923076923,33.0,0.0,4.179967724458494,33.0,22,CLIMA200
1283-19,DIFERENCIAL DE PRESSÃO,AVIÁRIO MEIO,12/09/2025,26.654135338345863,34.0,-1.0,3.1313239477726036,35.0,23,CLIMA200
1283-19,DIFERENCIAL DE PRESSÃO,AVIÁRIO MEIO,13/09/2025,27.303846153846155,31.0,8.0,2.002878845222275,23.0,24,CLIMA200
1283-19,DIFERENCIAL DE PRESSÃO,AVIÁRIO MEIO,14/09/2025,28.022900763358777,34.0,8.0,2.3878370194327823,26.0,25,CLIMA200
1283-19,DIFERENCIAL DE PRESSÃO,AVIÁRIO MEIO,15/09/2025,28.430188679245283,36.0,23.0,2.146483293770976,13.0,26,CLIMA200
1283-19,DIFERENCIAL DE PRESSÃO,AVIÁRIO MEIO,16/09/2025,27.31906614785992,35.0,-1.0,2.8814694261765696,36.0,27,CLIMA200
1283-19,DIFERENCIAL DE PRESSÃO,AVIÁRIO MEIO,17/09/2025,28.049242424242426,35.0,8.0,2.571964118349795,27.0,28,CLIMA200
1283-19,DIFERENCIAL DE PRESSÃO,AVIÁRIO MEIO,18/09/2025,28.444444444444443,35.0,10.0,2.6366445386435426,25.0,29,CLIMA200
1283-19,DIFERENCIAL DE PRESSÃO,AVIÁRIO MEIO,19/09/2025,29.346456692913385,38.0,13.0,3.5201958444889945,25.0,30,CLIMA200
1283-19,DIFERENCIAL DE PRESSÃO,AVIÁRIO MEIO,20/09/2025,31.333333333333332,54.0,10.0,6.136288813610423,44.0,31,CLIMA200
1283-19,DIFERENCIAL DE PRESSÃO,AVIÁRIO MEIO,21/09/2025,29.003861003861005,49.0,12.0,4.982206229678076,37.0,32,CLIMA200
1283-19,DIFERENCIAL DE PRESSÃO,AVIÁRIO MEIO,22/09/2025,27.31578947368421,34.0,0.0,2.864955377663432,34.0,33,CLIMA200
1283-19,DIFERENCIAL DE PRESSÃO,AVIÁRIO MEIO,23/09/2025,29.123552123552123,39.0,6.0,4.506557355353437,33.0,34,CLIMA200
1283-19,DIFERENCIAL DE PRESSÃO,AVIÁRIO MEIO,24/09/2025,30.476470588235294,42.0,10.0,4.895619820370606,32.0,35,CLIMA200
1283-19,DIFERENCIAL DE PRESSÃO,AVIÁRIO MEIO,25/08/2025,2.868217054263566,30.0,-3.0,8.813643269035666,33.0,5,CLIMA200
1283-19,DIFERENCIAL DE PRESSÃO,AVIÁRIO MEIO,25/09/2025,23.314285714285713,37.0,7.0,10.46428327645023,30.0,36,CLIMA200
1283-19,DIFERENCIAL DE PRESSÃO,AVIÁRIO MEIO,26/08/2025,3.558333333333333,30.0,-3.0,9.533970695477421,33.0,6,CLIMA200
1283-19,DIFERENCIAL DE PRESSÃO,AVIÁRIO MEIO,26/09/2025,25.227799227799228,46.0,4.0,14.51873504673785,42.0,37,CLIMA200
1283-19,DIFERENCIAL DE PRESSÃO,AVIÁRIO MEIO,27/08/2025,10.204081632653061,35.0,-2.0,12.883432791113245,37.0,7,CLIMA200
1283-19,DIFERENCIAL DE PRESSÃO,AVIÁRIO MEIO,27/09/2025,34.866920152091254,57.0,9.0,7.41141402263543,48.0,38,CLIMA200
1283-19,DIFERENCIAL DE PRESSÃO,AVIÁRIO MEIO,28/08/2025,10.47148288973384,44.0,-2.0,13.008557598936184,46.0,8,CLIMA200
1283-19,DIFERENCIAL DE PRESSÃO,AVIÁRIO MEIO,28/09/2025,33.60769230769231,45.0,24.0,4.357127059544815,21.0,39,CLIMA200
1283-19,DIFERENCIAL DE PRESSÃO,AVIÁRIO MEIO,29/08/2025,13.73384030418251,52.0,-2.0,13.20982593457028,54.0,9,CLIMA200
1283-19,DIFERENCIAL DE PRESSÃO,AVIÁRIO MEIO,29/09/2025,35.090225563909776,50.0,4.0,5.043358838132933,46.0,40,CLIMA200
1283-19,DIFERENCIAL DE PRESSÃO,AVIÁRIO MEIO,30/08/2025,13.068181818181818,40.0,-2.0,13.141821504334574,42.0,10,CLIMA200
1283-19,DIFERENCIAL DE PRESSÃO,AVIÁRIO MEIO,30/09/2025,30.779467680608366,44.0,3.0,7.414713849211268,41.0,41,CLIMA200
1283-19,DIFERENCIAL DE PRESSÃO,AVIÁRIO MEIO,31/08/2025,14.28735632183908,37.0,-2.0,12.939802901946923,39.0,11,CLIMA200
1283-19,ENERGIA ELÉTRICA DO DIA,EXTERNO,01/09/2025,20.943429849340866,58.48,0.0,15.514691891358314,58.48,12,CLIMA200
1283-19,ENERGIA ELÉTRICA DO DIA,EXTERNO,01/10/2025,40.93974322732626,108.79,0.0,32.57185500293441,108.79,42,CLIMA200
1283-19,ENERGIA ELÉTRICA DO DIA,EXTERNO,02/09/2025,29.485833333333336,71.57,0.04,18.19747321382016,71.52999999999999,13,CLIMA200
1283-19,ENERGIA ELÉTRICA DO DIA,EXTERNO,03/09/2025,30.06150188323917,64.9,0.04,18.876465575969686,64.86,14,CLIMA200
1283-19,ENERGIA ELÉTRICA DO DIA,EXTERNO,04/09/2025,25.56228268551237,51.2,0.03,14.09638962858372,51.17,15,CLIMA200
1283-19,ENERGIA ELÉTRICA DO DIA,EXTERNO,05/09/2025,29.08286454652532,64.45,0.01,17.11841293684529,64.44,16,CLIMA200
1283-19,ENERGIA ELÉTRICA DO DIA,EXTERNO,06/09/2025,25.14266007532957,52.58,0.03,13.34166366837385,52.55,17,CLIMA200
1283-19,ENERGIA ELÉTRICA DO DIA,EXTERNO,07/09/2025,22.660722693032014,45.58,0.04,11.687267679809631,45.54,18,CLIMA200
1283-19,ENERGIA ELÉTRICA DO DIA,EXTERNO,08/09/2025,29.416297341801926,64.47,0.02,18.889975903391534,64.45,19,CLIMA200
1283-19,ENERGIA ELÉTRICA DO DIA,EXTERNO,09/09/2025,15.948575800376648,36.69,0.03,10.523789652702565,36.66,20,CLIMA200
1283-19,ENERGIA ELÉTRICA DO DIA,EXTERNO,10/09/2025,14.416767819336627,39.91,0.0,13.442783981169738,39.91,21,CLIMA200
1283-19,ENERGIA ELÉTRICA DO DIA,EXTERNO,11/09/2025,17.583810531264692,45.92,0.0,14.963633373155325,45.92,22,CLIMA200
1283-19,ENERGIA ELÉTRICA DO DIA,EXTERNO,12/09/2025,27.644835216572503,65.05,0.02,20.64882699415676,65.03,23,CLIMA200
1283-19,ENERGIA ELÉTRICA DO DIA,EXTERNO,13/09/2025,21.7778616796048,52.63,0.0,16.352230886534038,52.63,24,CLIMA200
1283-19,ENERGIA ELÉTRICA DO DIA,EXTERNO,14/09/2025,29.237577683615818,67.6,0.02,22.287336775611408,67.58,25,CLIMA200
1283-19,ENERGIA ELÉTRICA DO DIA,EXTERNO,15/09/2025,28.080319924723597,71.61,0.0,23.640337476484852,71.61,26,CLIMA200
1283-19,ENERGIA ELÉTRICA DO DIA,EXTERNO,16/09/2025,23.046031073446326,79.01,0.0,21.825034376551184,79.01,27,CLIMA200
1283-19,ENERGIA ELÉTRICA DO DIA,EXTERNO,17/09/2025,28.328372147729947,91.0,0.0,26.579497293784975,91.0,28,CLIMA200
1283-19,ENERGIA ELÉTRICA DO DIA,EXTERNO,18/09/2025,24.02702422959304,81.48,0.0,24.698060994811623,81.48,29,CLIMA200
1283-19,ENERGIA ELÉTRICA DO DIA,EXTERNO,19/08/2025,6.423742360131641,27.7,0.0,6.157503325838864,27.7,-1,CLIMA200
1283-19,ENERGIA ELÉTRICA DO DIA,EXTERNO,19/09/2025,27.26157126030624,101.97,0.0,32.245271379195266,101.97,30,CLIMA200
1283-19,ENERGIA ELÉTRICA DO DIA,EXTERNO,20/08/2025,13.935685028248587,60.48,0.01,13.950010455741378,60.47,0,CLIMA200
1283-19,ENERGIA ELÉTRICA DO DIA,EXTERNO,20/09/2025,33.1326577212806,110.72,0.0,36.80611564398095,110.72,31,CLIMA200
1283-19,ENERGIA ELÉTRICA DO DIA,EXTERNO,21/08/2025,16.584159604519773,45.67,0.0,11.148468221737863,45.67,1,CLIMA200
1283-19,ENERGIA ELÉTRICA DO DIA,EXTERNO,21/09/2025,36.327305064782095,130.26,0.0,40.63621625892541,130.26,32,CLIMA200
1283-19,ENERGIA ELÉTRICA DO DIA,EXTERNO,22/08/2025,12.518852034815337,33.15,0.0,8.40977007400926,33.15,2,CLIMA200
1283-19,ENERGIA ELÉTRICA DO DIA,EXTERNO,22/09/2025,23.16629001883239,70.99,0.0,24.335706520421642,70.99,33,CLIMA200
1283-19,ENERGIA ELÉTRICA DO DIA,EXTERNO,23/08/2025,23.29196894848271,61.09,0.01,16.069854139005315,61.080000000000005,3,CLIMA200
1283-19,ENERGIA ELÉTRICA DO DIA,EXTERNO,23/09/2025,21.511479651846624,86.99,0.0,26.94491717049985,86.99,34,CLIMA200
1283-19,ENERGIA ELÉTRICA DO DIA,EXTERNO,24/08/2025,17.76412429378531,51.82,0.01,13.282544619120952,51.81,4,CLIMA200
1283-19,ENERGIA ELÉTRICA DO DIA,EXTERNO,24/09/2025,31.23755351681957,111.49,0.0,37.23926117224992,111.49,35,CLIMA200
1283-19,ENERGIA ELÉTRICA DO DIA,EXTERNO,25/08/2025,12.663399246704332,43.59,0.0,10.853484391028047,43.59,5,CLIMA200
1283-19,ENERGIA ELÉTRICA DO DIA,EXTERNO,25/09/2025,29.283137947269303,103.11,0.0,34.490391739340055,103.11,36,CLIMA200
1283-19,ENERGIA ELÉTRICA DO DIA,EXTERNO,26/08/2025,10.667602916960716,36.22,0.0,8.260660092817744,36.22,6,CLIMA200
1283-19,ENERGIA ELÉTRICA DO DIA,EXTERNO,26/09/2025,27.73570454010821,107.05,0.0,34.63837273891113,107.05,37,CLIMA200
1283-19,ENERGIA ELÉTRICA DO DIA,EXTERNO,27/08/2025,20.62295668549906,55.55,0.02,13.905841041842326,55.529999999999994,7,CLIMA200
1283-19,ENERGIA ELÉTRICA DO DIA,EXTERNO,27/09/2025,22.525459891790167,93.51,0.0,26.34283396105961,93.51,38,CLIMA200
1283-19,ENERGIA ELÉTRICA DO DIA,EXTERNO,28/08/2025,26.279214302517055,61.6,0.04,15.336107005040336,61.56,8,CLIMA200
1283-19,ENERGIA ELÉTRICA DO DIA,EXTERNO,28/09/2025,42.62884416195857,142.03,0.0,45.3667833596075,142.03,39,CLIMA200
1283-19,ENERGIA ELÉTRICA DO DIA,EXTERNO,29/08/2025,23.7033356873823,56.61,0.02,14.845667228515481,56.589999999999996,9,CLIMA200
1283-19,ENERGIA ELÉTRICA DO DIA,EXTERNO,29/09/2025,46.8585179957657,152.05,0.0,49.03214498894316,152.05,40,CLIMA200
1283-19,ENERGIA ELÉTRICA DO DIA,EXTERNO,30/08/2025,27.241089924670433,63.81,0.03,16.782299414778677,63.78,10,CLIMA200
1283-19,ENERGIA ELÉTRICA DO DIA,EXTERNO,30/09/2025,24.11814971751412,67.84,0.0,23.0684274103508,67.84,41,CLIMA200
1283-19,ENERGIA ELÉTRICA DO DIA,EXTERNO,31/08/2025,29.503498000470476,64.66,0.03,17.078157724129127,64.63,11,CLIMA200
1283-19,TEMPERATURA,AVIÁRIO FRENTE,01/09/2025,26.455338541666666,28.3,24.7,0.7175788574362307,3.6000000000000014,12,CLIMA200
1283-19,TEMPERATURA,AVIÁRIO FRENTE,01/10/2025,25.39026063100137,33.3,20.3,4.378796154421379,12.999999999999996,42,CLIMA200
1283-19,TEMPERATURA,AVIÁRIO FRENTE,02/09/2025,27.17957393483709,31.0,25.0,1.4508303106836427,6.0,13,CLIMA200
1283-19,TEMPERATURA,AVIÁRIO FRENTE,03/09/2025,27.227651515151514,33.1,24.4,1.969555028393858,8.700000000000003,14,CLIMA200
1283-19,TEMPERATURA,AVIÁRIO FRENTE,04/09/2025,26.286289308176098,29.1,24.2,1.1200070493147412,4.900000000000002,15,CLIMA200
1283-19,TEMPERATURA,AVIÁRIO FRENTE,05/09/2025,23.89961089494163,26.1,21.9,0.8174569748103966,4.200000000000003,16,CLIMA200
1283-19,TEMPERATURA,AVIÁRIO FRENTE,06/09/2025,24.37099236641221,28.0,21.2,1.5556997827959202,6.800000000000001,17,CLIMA200
1283-19,TEMPERATURA,AVIÁRIO FRENTE,07/09/2025,25.396590909090907,29.2,22.3,1.506920397754957,6.899999999999999,18,CLIMA200
1283-19,TEMPERATURA,AVIÁRIO FRENTE,08/09/2025,26.631432192648923,31.1,21.7,2.3597008686770886,9.400000000000002,19,CLIMA200
1283-19,TEMPERATURA,AVIÁRIO FRENTE,09/09/2025,25.180152671755724,30.1,20.2,1.7550473854833155,9.900000000000002,20,CLIMA200
1283-19,TEMPERATURA,AVIÁRIO FRENTE,10/09/2025,24.006944444444443,30.6,15.8,4.14437244788793,14.8,21,CLIMA200
1283-19,TEMPERATURA,AVIÁRIO FRENTE,11/09/2025,24.708717948717947,29.8,18.7,3.098548195598574,11.100000000000001,22,CLIMA200
1283-19,TEMPERATURA,AVIÁRIO FRENTE,12/09/2025,25.946491228070176,32.4,20.1,3.2871903687799624,12.299999999999997,23,CLIMA200
1283-19,TEMPERATURA,AVIÁRIO FRENTE,13/09/2025,25.59102564102564,31.4,21.1,2.3084119248364456,10.299999999999997,24,CLIMA200
1283-19,TEMPERATURA,AVIÁRIO FRENTE,14/09/2025,25.04058524173028,30.9,20.2,2.873874451828257,10.7,25,CLIMA200
1283-19,TEMPERATURA,AVIÁRIO FRENTE,15/09/2025,25.59433962264151,32.0,19.3,3.3722479165154096,12.7,26,CLIMA200
1283-19,TEMPERATURA,AVIÁRIO FRENTE,16/09/2025,26.56601815823606,32.5,21.2,2.69201385948219,11.3,27,CLIMA200
1283-19,TEMPERATURA,AVIÁRIO FRENTE,17/09/2025,26.71957070707071,31.7,20.9,2.5638479834760366,10.8,28,CLIMA200
1283-19,TEMPERATURA,AVIÁRIO FRENTE,18/09/2025,26.153128991060026,32.1,20.4,2.5412635090022455,11.700000000000003,29,CLIMA200
1283-19,TEMPERATURA,AVIÁRIO FRENTE,19/09/2025,26.10839895013123,33.8,19.7,3.0888348266370116,14.099999999999998,30,CLIMA200
1283-19,TEMPERATURA,AVIÁRIO FRENTE,20/09/2025,26.53560606060606,32.3,20.7,3.1729634184643243,11.599999999999998,31,CLIMA200
1283-19,TEMPERATURA,AVIÁRIO FRENTE,21/09/2025,27.51673101673102,35.7,21.9,3.518281451456574,13.800000000000004,32,CLIMA200
1283-19,TEMPERATURA,AVIÁRIO FRENTE,22/09/2025,23.837246963562755,31.8,17.8,4.14745291717006,14.0,33,CLIMA200
1283-19,TEMPERATURA,AVIÁRIO FRENTE,23/09/2025,23.080566280566277,34.5,14.4,5.362117053293978,20.1,34,CLIMA200
1283-19,TEMPERATURA,AVIÁRIO FRENTE,24/09/2025,23.872549019607842,33.1,16.7,4.377436730099996,16.400000000000002,35,CLIMA200
1283-19,TEMPERATURA,AVIÁRIO FRENTE,25/08/2025,27.36201550387597,28.6,26.3,0.361133830000067,2.3000000000000007,5,CLIMA200
1283-19,TEMPERATURA,AVIÁRIO FRENTE,25/09/2025,23.952380952380953,30.0,19.9,2.5372123900095698,10.100000000000001,36,CLIMA200
1283-19,TEMPERATURA,AVIÁRIO FRENTE,26/08/2025,27.17763888888889,29.5,26.0,0.6443019328776174,3.5,6,CLIMA200
1283-19,TEMPERATURA,AVIÁRIO FRENTE,26/09/2025,24.08314028314028,34.0,16.0,4.485261024488794,18.0,37,CLIMA200
1283-19,TEMPERATURA,AVIÁRIO FRENTE,27/08/2025,27.57768707482993,30.6,25.6,1.1580032474589779,5.0,7,CLIMA200
1283-19,TEMPERATURA,AVIÁRIO FRENTE,27/09/2025,25.862103929024084,34.8,17.0,4.7830071130720615,17.799999999999997,38,CLIMA200
1283-19,TEMPERATURA,AVIÁRIO FRENTE,28/08/2025,27.292015209125477,29.8,25.7,1.0062666105612188,4.100000000000001,8,CLIMA200
1283-19,TEMPERATURA,AVIÁRIO FRENTE,28/09/2025,26.678076923076926,34.7,19.6,4.443949374752689,15.100000000000001,39,CLIMA200
1283-19,TEMPERATURA,AVIÁRIO FRENTE,29/08/2025,27.745880861850445,31.9,25.5,1.5366659846206776,6.399999999999999,9,CLIMA200
1283-19,TEMPERATURA,AVIÁRIO FRENTE,29/09/2025,27.10827067669173,34.5,20.6,4.353019493834306,13.899999999999999,40,CLIMA200
1283-19,TEMPERATURA,AVIÁRIO FRENTE,30/08/2025,27.86098484848485,31.5,25.4,1.585184098467081,6.100000000000001,10,CLIMA200
1283-19,TEMPERATURA,AVIÁRIO FRENTE,30/09/2025,25.73916349809886,33.9,20.4,4.471217605918838,13.5,41,CLIMA200
1283-19,TEMPERATURA,AVIÁRIO FRENTE,31/08/2025,27.21558109833972,31.0,25.0,1.4317196256023688,6.0,11,CLIMA200
1283-19,TEMPERATURA,AVIÁRIO FUNDO,01/09/2025,26.570703125,27.2,25.5,0.35515331987066806,1.6999999999999993,12,CLIMA200
1283-19,TEMPERATURA,AVIÁRIO FUNDO,01/10/2025,24.61152263374486,28.6,21.5,1.9193274463195273,7.100000000000001,42,CLIMA200
1283-19,TEMPERATURA,AVIÁRIO FUNDO,02/09/2025,27.53796992481203,29.8,26.1,1.245362078217517,3.6999999999999993,13,CLIMA200
1283-19,TEMPERATURA,AVIÁRIO FUNDO,03/09/2025,27.850757575757576,31.5,25.6,1.7455352661785144,5.899999999999999,14,CLIMA200
1283-19,TEMPERATURA,AVIÁRIO FUNDO,04/09/2025,26.741509433962264,29.2,25.6,1.0322413719237642,3.599999999999998,15,CLIMA200
1283-19,TEMPERATURA,AVIÁRIO FUNDO,05/09/2025,24.147859922178988,25.8,22.8,0.6431359302170823,3.0,16,CLIMA200
1283-19,TEMPERATURA,AVIÁRIO FUNDO,06/09/2025,24.486259541984733,27.6,22.4,1.446779174041258,5.200000000000003,17,CLIMA200
1283-19,TEMPERATURA,AVIÁRIO FUNDO,07/09/2025,25.511363636363637,27.2,23.3,1.097010243265368,3.8999999999999986,18,CLIMA200
1283-19,TEMPERATURA,AVIÁRIO FUNDO,08/09/2025,27.634980988593156,31.0,23.9,2.122626766832452,7.100000000000001,19,CLIMA200
1283-19,TEMPERATURA,AVIÁRIO FUNDO,09/09/2025,26.234732824427482,28.5,22.9,1.0005607803537442,5.600000000000001,20,CLIMA200
1283-19,TEMPERATURA,AVIÁRIO FUNDO,10/09/2025,24.979924242424243,29.5,18.4,3.4402935472471645,11.100000000000001,21,CLIMA200
1283-19,TEMPERATURA,AVIÁRIO FUNDO,11/09/2025,25.676923076923078,29.7,20.7,2.9851308040284836,9.0,22,CLIMA200
1283-19,TEMPERATURA,AVIÁRIO FUNDO,12/09/2025,26.582706766917294,31.0,21.5,3.100351939231573,9.5,23,CLIMA200
1283-19,TEMPERATURA,AVIÁRIO FUNDO,13/09/2025,26.08269230769231,30.0,22.8,2.2382102356953677,7.199999999999999,24,CLIMA200
1283-19,TEMPERATURA,AVIÁRIO FUNDO,14/09/2025,25.47824427480916,29.6,21.2,2.86881494828532,8.400000000000002,25,CLIMA200
1283-19,TEMPERATURA,AVIÁRIO FUNDO,15/09/2025,25.946415094339624,31.2,20.4,3.44849931503688,10.8,26,CLIMA200
1283-19,TEMPERATURA,AVIÁRIO FUNDO,16/09/2025,26.812451361867705,30.7,23.2,2.342452201790505,7.5,27,CLIMA200
1283-19,TEMPERATURA,AVIÁRIO FUNDO,17/09/2025,27.482954545454547,30.9,23.6,2.1665617359100615,7.299999999999997,28,CLIMA200
1283-19,TEMPERATURA,AVIÁRIO FUNDO,18/09/2025,26.75823754789272,30.2,22.7,2.066828682259038,7.5,29,CLIMA200
1283-19,TEMPERATURA,AVIÁRIO FUNDO,19/09/2025,26.446456692913383,30.0,20.7,2.7144058753249483,9.3,30,CLIMA200
1283-19,TEMPERATURA,AVIÁRIO FUNDO,20/09/2025,27.159469696969698,31.0,24.6,1.5614876426576707,6.399999999999999,31,CLIMA200
1283-19,TEMPERATURA,AVIÁRIO FUNDO,21/09/2025,27.37837837837838,29.3,25.4,1.1138976733586925,3.900000000000002,32,CLIMA200
1283-19,TEMPERATURA,AVIÁRIO FUNDO,22/09/2025,23.805263157894736,26.9,19.2,2.0329503877187896,7.699999999999999,33,CLIMA200
1283-19,TEMPERATURA,AVIÁRIO FUNDO,23/09/2025,21.806177606177606,27.6,15.5,3.9343601304925904,12.100000000000001,34,CLIMA200
1283-19,TEMPERATURA,AVIÁRIO FUNDO,24/09/2025,23.11058823529412,28.4,19.2,3.330925450961257,9.2,35,CLIMA200
1283-19,TEMPERATURA,AVIÁRIO FUNDO,25/08/2025,23.237984496124028,24.0,22.6,0.4281189790523517,1.3999999999999986,5,CLIMA200
1283-19,TEMPERATURA,AVIÁRIO FUNDO,25/09/2025,24.645714285714288,28.1,22.6,1.6653344335328173,5.5,36,CLIMA200
1283-19,TEMPERATURA,AVIÁRIO FUNDO,26/08/2025,24.986666666666668,28.5,22.2,2.068531416783913,6.300000000000001,6,CLIMA200
1283-19,TEMPERATURA,AVIÁRIO FUNDO,26/09/2025,24.244015444015442,28.4,19.2,2.859582700297159,9.2,37,CLIMA200
1283-19,TEMPERATURA,AVIÁRIO FUNDO,27/08/2025,26.654285714285717,29.4,24.7,1.4442963119576926,4.699999999999999,7,CLIMA200
1283-19,TEMPERATURA,AVIÁRIO FUNDO,27/09/2025,25.28174904942966,28.9,19.6,2.618385125809732,9.299999999999997,38,CLIMA200
1283-19,TEMPERATURA,AVIÁRIO FUNDO,28/08/2025,27.03764258555133,29.3,24.6,1.497192986236093,4.699999999999999,8,CLIMA200
1283-19,TEMPERATURA,AVIÁRIO FUNDO,28/09/2025,25.910769230769233,28.7,23.0,1.7871225757041918,5.699999999999999,39,CLIMA200
1283-19,TEMPERATURA,AVIÁRIO FUNDO,29/08/2025,27.59315589353612,30.2,25.5,1.4024526053660267,4.699999999999999,9,CLIMA200
1283-19,TEMPERATURA,AVIÁRIO FUNDO,29/09/2025,26.129323308270674,28.6,23.2,1.584097758189802,5.400000000000002,40,CLIMA200
1283-19,TEMPERATURA,AVIÁRIO FUNDO,30/08/2025,27.632575757575758,30.4,25.5,1.4900679368344254,4.899999999999999,10,CLIMA200
1283-19,TEMPERATURA,AVIÁRIO FUNDO,30/09/2025,24.63536121673004,27.7,22.3,1.4253825324518592,5.399999999999999,41,CLIMA200
1283-19,TEMPERATURA,AVIÁRIO FUNDO,31/08/2025,27.01379310344828,30.3,25.0,1.350791374159564,5.300000000000001,11,CLIMA200
1283-19,TEMPERATURA,AVIÁRIO MEIO,01/09/2025,26.4259765625,27.4,25.3,0.41978536116763066,2.099999999999998,12,CLIMA200
1283-19,TEMPERATURA,AVIÁRIO MEIO,01/10/2025,23.532921810699587,27.0,21.2,1.6001628331679014,5.800000000000001,42,CLIMA200
1283-19,TEMPERATURA,AVIÁRIO MEIO,02/09/2025,27.575563909774438,31.0,25.6,1.5185335791077892,5.399999999999999,13,CLIMA200
1283-19,TEMPERATURA,AVIÁRIO MEIO,03/09/2025,27.872348484848487,32.5,25.3,2.008512324419754,7.199999999999999,14,CLIMA200
1283-19,TEMPERATURA,AVIÁRIO MEIO,04/09/2025,26.503018867924528,29.0,24.9,1.169804990853247,4.100000000000001,15,CLIMA200
1283-19,TEMPERATURA,AVIÁRIO MEIO,05/09/2025,23.885603112840467,25.6,22.4,0.6301649821573456,3.200000000000003,16,CLIMA200
1283-19,TEMPERATURA,AVIÁRIO MEIO,06/09/2025,24.289503816793893,27.3,21.7,1.2679341488068776,5.600000000000001,17,CLIMA200
1283-19,TEMPERATURA,AVIÁRIO MEIO,07/09/2025,25.342992424242425,27.8,22.9,1.1991743308210612,4.900000000000002,18,CLIMA200
1283-19,TEMPERATURA,AVIÁRIO MEIO,08/09/2025,27.42376425855513,31.5,22.8,2.5219918446692495,8.7,19,CLIMA200
1283-19,TEMPERATURA,AVIÁRIO MEIO,09/09/2025,25.73358778625954,29.6,21.5,1.3775107922450573,8.100000000000001,20,CLIMA200
1283-19,TEMPERATURA,AVIÁRIO MEIO,10/09/2025,24.693749999999998,30.8,16.9,4.088673697443546,13.900000000000002,21,CLIMA200
1283-19,TEMPERATURA,AVIÁRIO MEIO,11/09/2025,25.443076923076923,30.2,19.8,3.306960920927922,10.399999999999999,22,CLIMA200
1283-19,TEMPERATURA,AVIÁRIO MEIO,12/09/2025,26.5953007518797,32.5,20.9,3.508281891017497,11.600000000000001,23,CLIMA200
1283-19,TEMPERATURA,AVIÁRIO MEIO,13/09/2025,25.9375,30.5,22.2,2.2792706112330605,8.3,24,CLIMA200
1283-19,TEMPERATURA,AVIÁRIO MEIO,14/09/2025,25.289312977099236,30.2,20.6,2.967894411518587,9.599999999999998,25,CLIMA200
1283-19,TEMPERATURA,AVIÁRIO MEIO,15/09/2025,25.56754716981132,31.4,19.7,3.4813686885890616,11.7,26,CLIMA200
1283-19,TEMPERATURA,AVIÁRIO MEIO,16/09/2025,26.364980544747084,30.3,22.6,2.329363254373936,7.699999999999999,27,CLIMA200
1283-19,TEMPERATURA,AVIÁRIO MEIO,17/09/2025,26.986174242424244,31.0,22.9,2.298232634518689,8.100000000000001,28,CLIMA200
1283-19,TEMPERATURA,AVIÁRIO MEIO,18/09/2025,26.247892720306513,29.8,22.2,2.088686310076511,7.600000000000001,29,CLIMA200
1283-19,TEMPERATURA,AVIÁRIO MEIO,19/09/2025,25.971653543307088,30.0,20.5,2.675255455836591,9.5,30,CLIMA200
1283-19,TEMPERATURA,AVIÁRIO MEIO,20/09/2025,26.419507575757574,31.2,23.1,1.9039278936412432,8.099999999999998,31,CLIMA200
1283-19,TEMPERATURA,AVIÁRIO MEIO,21/09/2025,26.78957528957529,30.1,23.9,1.5732953062853008,6.200000000000003,32,CLIMA200
1283-19,TEMPERATURA,AVIÁRIO MEIO,22/09/2025,23.018218623481783,26.3,18.6,1.9391533861553574,7.699999999999999,33,CLIMA200
1283-19,TEMPERATURA,AVIÁRIO MEIO,23/09/2025,21.476061776061776,28.6,14.9,3.942972627224399,13.700000000000001,34,CLIMA200
1283-19,TEMPERATURA,AVIÁRIO MEIO,24/09/2025,22.788235294117648,29.0,18.8,3.3585943055603753,10.2,35,CLIMA200
1283-19,TEMPERATURA,AVIÁRIO MEIO,25/08/2025,26.0984496124031,27.9,23.9,1.3755046710841325,4.0,5,CLIMA200
1283-19,TEMPERATURA,AVIÁRIO MEIO,25/09/2025,24.09,28.0,21.8,1.787628117286794,6.199999999999999,36,CLIMA200
1283-19,TEMPERATURA,AVIÁRIO MEIO,26/08/2025,26.711458333333333,29.4,23.5,1.4716961438866147,5.899999999999999,6,CLIMA200
1283-19,TEMPERATURA,AVIÁRIO MEIO,26/09/2025,23.5530888030888,28.0,18.2,3.0908540066110537,9.8,37,CLIMA200
1283-19,TEMPERATURA,AVIÁRIO MEIO,27/08/2025,27.260204081632654,28.9,25.9,0.8991537740403881,3.0,7,CLIMA200
1283-19,TEMPERATURA,AVIÁRIO MEIO,27/09/2025,24.699049429657798,29.1,19.2,2.8423633678097504,9.900000000000002,38,CLIMA200
1283-19,TEMPERATURA,AVIÁRIO MEIO,28/08/2025,27.231939163498097,29.5,25.6,1.0639114843298882,3.8999999999999986,8,CLIMA200
1283-19,TEMPERATURA,AVIÁRIO MEIO,28/09/2025,25.289807692307694,29.0,21.6,2.022515560826917,7.399999999999999,39,CLIMA200
1283-19,TEMPERATURA,AVIÁRIO MEIO,29/08/2025,27.633650190114068,31.0,25.6,1.5105550006380104,5.399999999999999,9,CLIMA200
1283-19,TEMPERATURA,AVIÁRIO MEIO,29/09/2025,25.607706766917293,28.8,22.4,1.797219240026463,6.400000000000002,40,CLIMA200
1283-19,TEMPERATURA,AVIÁRIO MEIO,30/08/2025,27.63901515151515,31.1,25.5,1.6355637337148479,5.600000000000001,10,CLIMA200
1283-19,TEMPERATURA,AVIÁRIO MEIO,30/09/2025,23.89448669201521,27.1,21.3,1.6345683558355264,5.800000000000001,41,CLIMA200
1283-19,TEMPERATURA,AVIÁRIO MEIO,31/08/2025,27.00249042145594,30.7,25.1,1.4165191014775418,5.599999999999998,11,CLIMA200
1283-19,TEMPERATURA,EXTERNO,01/09/2025,20.526171875,24.3,18.0,1.5750181651203317,6.300000000000001,12,CLIMA200
1283-19,TEMPERATURA,EXTERNO,01/10/2025,22.286008230452676,26.0,19.6,1.9836081643627161,6.399999999999999,42,CLIMA200
1283-19,TEMPERATURA,EXTERNO,02/09/2025,25.239473684210527,34.9,18.7,5.469105137148775,16.2,13,CLIMA200
1283-19,TEMPERATURA,EXTERNO,03/09/2025,26.73787878787879,36.6,19.1,5.785398683297603,17.5,14,CLIMA200
1283-19,TEMPERATURA,EXTERNO,04/09/2025,23.30943396226415,29.4,19.1,3.1433826360439037,10.299999999999997,15,CLIMA200
1283-19,TEMPERATURA,EXTERNO,05/09/2025,16.115175097276268,20.5,13.8,1.7399973356576366,6.699999999999999,16,CLIMA200
1283-19,TEMPERATURA,EXTERNO,06/09/2025,17.72480916030534,26.1,13.1,3.6461674642452673,13.000000000000002,17,CLIMA200
1283-19,TEMPERATURA,EXTERNO,07/09/2025,20.659848484848485,26.8,16.2,2.993613400084309,10.600000000000001,18,CLIMA200
1283-19,TEMPERATURA,EXTERNO,08/09/2025,25.458935361216728,33.9,17.9,5.473891193484148,16.0,19,CLIMA200
1283-19,TEMPERATURA,EXTERNO,09/09/2025,22.413358778625955,33.0,16.2,4.396556270448136,16.8,20,CLIMA200
1283-19,TEMPERATURA,EXTERNO,10/09/2025,22.4594696969697,35.4,11.8,7.586809807297927,23.599999999999998,21,CLIMA200
1283-19,TEMPERATURA,EXTERNO,11/09/2025,23.51269230769231,34.2,16.2,5.279331293386076,18.000000000000004,22,CLIMA200
1283-19,TEMPERATURA,EXTERNO,12/09/2025,27.606766917293232,43.1,17.6,7.863030423565273,25.5,23,CLIMA200
1283-19,TEMPERATURA,EXTERNO,13/09/2025,24.075,32.7,19.6,3.822699157160285,13.100000000000001,24,CLIMA200
1283-19,TEMPERATURA,EXTERNO,14/09/2025,24.08969465648855,34.7,17.6,5.492813547729801,17.1,25,CLIMA200
1283-19,TEMPERATURA,EXTERNO,15/09/2025,24.92,36.2,16.9,6.247669452276231,19.300000000000004,26,CLIMA200
1283-19,TEMPERATURA,EXTERNO,16/09/2025,26.67509727626459,38.8,19.5,6.094125710977652,19.299999999999997,27,CLIMA200
1283-19,TEMPERATURA,EXTERNO,17/09/2025,27.850757575757576,38.7,19.7,5.7860136511706886,19.000000000000004,28,CLIMA200
1283-19,TEMPERATURA,EXTERNO,18/09/2025,26.664367816091954,36.9,19.1,5.367754805330811,17.799999999999997,29,CLIMA200
1283-19,TEMPERATURA,EXTERNO,19/09/2025,27.304330708661418,37.9,17.9,6.2542789246250985,20.0,30,CLIMA200
1283-19,TEMPERATURA,EXTERNO,20/09/2025,28.09431818181818,38.3,21.1,5.872232254972225,17.199999999999996,31,CLIMA200
1283-19,TEMPERATURA,EXTERNO,21/09/2025,29.535907335907336,38.8,22.2,5.641105364783324,16.599999999999998,32,CLIMA200
1283-19,TEMPERATURA,EXTERNO,22/09/2025,21.5417004048583,30.0,15.9,4.028089874841099,14.1,33,CLIMA200
1283-19,TEMPERATURA,EXTERNO,23/09/2025,20.664092664092664,34.4,11.1,6.971917209932072,23.299999999999997,34,CLIMA200
1283-19,TEMPERATURA,EXTERNO,24/09/2025,23.428823529411765,40.4,15.8,8.435927636395725,24.599999999999998,35,CLIMA200
1283-19,TEMPERATURA,EXTERNO,25/08/2025,13.582170542635659,16.9,11.7,1.3896879139026228,5.199999999999999,5,CLIMA200
1283-19,TEMPERATURA,EXTERNO,25/09/2025,24.59857142857143,33.8,20.7,3.8336663860048783,13.099999999999998,36,CLIMA200
1283-19,TEMPERATURA,EXTERNO,26/08/2025,16.537916666666668,29.5,11.2,5.316783550831164,18.3,6,CLIMA200
1283-19,TEMPERATURA,EXTERNO,26/09/2025,23.154826254826258,32.7,15.4,5.524861837990682,17.300000000000004,37,CLIMA200
1283-19,TEMPERATURA,EXTERNO,27/08/2025,20.271020408163263,31.3,10.9,5.913735048518267,20.4,7,CLIMA200
1283-19,TEMPERATURA,EXTERNO,27/09/2025,24.96083650190114,35.2,16.1,6.2102780672759055,19.1,38,CLIMA200
1283-19,TEMPERATURA,EXTERNO,28/08/2025,21.239163498098858,31.8,13.1,5.476533629317027,18.700000000000003,8,CLIMA200
1283-19,TEMPERATURA,EXTERNO,28/09/2025,25.74230769230769,34.2,19.7,4.3456143300257875,14.500000000000004,39,CLIMA200
1283-19,TEMPERATURA,EXTERNO,29/08/2025,23.18859315589354,34.2,15.1,5.917958034521369,19.1,9,CLIMA200
1283-19,TEMPERATURA,EXTERNO,29/09/2025,26.503383458646613,35.4,20.7,4.163539808885908,14.7,40,CLIMA200
1283-19,TEMPERATURA,EXTERNO,30/08/2025,24.488257575757576,34.1,18.0,5.445255649202325,16.1,10,CLIMA200
1283-19,TEMPERATURA,EXTERNO,30/09/2025,23.075285171102664,28.0,20.2,2.2517330491781107,7.800000000000001,41,CLIMA200
1283-19,TEMPERATURA,EXTERNO,31/08/2025,23.069348659003833,32.9,16.8,4.550110431598275,16.099999999999998,11,CLIMA200
1283-19,UMIDADE,AVIÁRIO MEIO,01/09/2025,6.58984375,7.0,6.0,0.4918618714496352,1.0,12,CLIMA200
1283-19,UMIDADE,AVIÁRIO MEIO,01/10/2025,7.934156378600823,8.0,7.0,0.24800854606286982,1.0,42,CLIMA200
1283-19,UMIDADE,AVIÁRIO MEIO,02/09/2025,6.142857142857143,7.0,5.0,0.7865682304133537,2.0,13,CLIMA200
1283-19,UMIDADE,AVIÁRIO MEIO,03/09/2025,5.534090909090909,7.0,5.0,0.5211190676271862,2.0,14,CLIMA200
1283-19,UMIDADE,AVIÁRIO MEIO,04/09/2025,6.0150943396226415,7.0,5.0,0.747169811320757,2.0,15,CLIMA200
1283-19,UMIDADE,AVIÁRIO MEIO,05/09/2025,6.953307392996109,7.0,6.0,0.2109796375365958,1.0,16,CLIMA200
1283-19,UMIDADE,AVIÁRIO MEIO,06/09/2025,6.194656488549619,7.0,6.0,0.39593603020581675,1.0,17,CLIMA200
1283-19,UMIDADE,AVIÁRIO MEIO,07/09/2025,6.541666666666667,7.0,6.0,0.4982608642958884,1.0,18,CLIMA200
1283-19,UMIDADE,AVIÁRIO MEIO,08/09/2025,6.300380228136882,7.0,5.0,0.7380736461475847,2.0,19,CLIMA200
1283-19,UMIDADE,AVIÁRIO MEIO,09/09/2025,6.4541984732824424,7.0,5.0,0.5760830546016782,2.0,20,CLIMA200
1283-19,UMIDADE,AVIÁRIO MEIO,10/09/2025,5.268939393939394,7.0,3.0,1.1869002521055092,4.0,21,CLIMA200
1283-19,UMIDADE,AVIÁRIO MEIO,11/09/2025,5.130769230769231,6.0,4.0,0.6666617356819597,2.0,22,CLIMA200
1283-19,UMIDADE,AVIÁRIO MEIO,12/09/2025,5.285714285714286,6.0,4.0,0.7516541014936045,2.0,23,CLIMA200
1283-19,UMIDADE,AVIÁRIO MEIO,13/09/2025,5.730769230769231,6.0,5.0,0.44356009979502803,1.0,24,CLIMA200
1283-19,UMIDADE,AVIÁRIO MEIO,14/09/2025,5.8320610687022905,7.0,5.0,0.7377774727680724,2.0,25,CLIMA200
1283-19,UMIDADE,AVIÁRIO MEIO,15/09/2025,6.1169811320754715,7.0,5.0,0.7899691536983874,2.0,26,CLIMA200
1283-19,UMIDADE,AVIÁRIO MEIO,16/09/2025,6.291828793774319,7.0,5.0,0.751426245612336,2.0,27,CLIMA200
1283-19,UMIDADE,AVIÁRIO MEIO,17/09/2025,6.087121212121212,7.0,5.0,0.6484136005890366,2.0,28,CLIMA200
1283-19,UMIDADE,AVIÁRIO MEIO,18/09/2025,5.532567049808429,6.0,5.0,0.49893825997489955,1.0,29,CLIMA200
1283-19,UMIDADE,AVIÁRIO MEIO,19/09/2025,5.4015748031496065,6.0,5.0,0.49021676901648464,1.0,30,CLIMA200
1283-19,UMIDADE,AVIÁRIO MEIO,20/09/2025,6.28030303030303,8.0,5.0,0.7911862396101135,3.0,31,CLIMA200
1283-19,UMIDADE,AVIÁRIO MEIO,21/09/2025,6.822393822393822,8.0,6.0,0.5551795974677639,2.0,32,CLIMA200
1283-19,UMIDADE,AVIÁRIO MEIO,22/09/2025,6.493927125506073,8.0,4.0,1.3819848582873326,4.0,33,CLIMA200
1283-19,UMIDADE,AVIÁRIO MEIO,23/09/2025,5.154440154440154,7.0,3.0,0.9582448438585252,4.0,34,CLIMA200
1283-19,UMIDADE,AVIÁRIO MEIO,24/09/2025,5.535294117647059,6.0,4.0,0.5955137934596405,2.0,35,CLIMA200
1283-19,UMIDADE,AVIÁRIO MEIO,25/08/2025,6.0,6.0,6.0,0.0,0.0,5,CLIMA200
1283-19,UMIDADE,AVIÁRIO MEIO,25/09/2025,4.828571428571428,6.0,4.0,0.6963461489687989,2.0,36,CLIMA200
1283-19,UMIDADE,AVIÁRIO MEIO,26/08/2025,6.108333333333333,7.0,6.0,0.3108009366495249,1.0,6,CLIMA200
1283-19,UMIDADE,AVIÁRIO MEIO,26/09/2025,5.517374517374518,7.0,5.0,0.5297038389836625,2.0,37,CLIMA200
1283-19,UMIDADE,AVIÁRIO MEIO,27/08/2025,6.146938775510204,7.0,5.0,0.6282798157380236,2.0,7,CLIMA200
1283-19,UMIDADE,AVIÁRIO MEIO,27/09/2025,5.669201520912548,7.0,5.0,0.5093070380517944,2.0,38,CLIMA200
1283-19,UMIDADE,AVIÁRIO MEIO,28/08/2025,5.942965779467681,7.0,5.0,0.6108788367602653,2.0,8,CLIMA200
1283-19,UMIDADE,AVIÁRIO MEIO,28/09/2025,6.826923076923077,8.0,6.0,0.6177239191068199,2.0,39,CLIMA200
1283-19,UMIDADE,AVIÁRIO MEIO,29/08/2025,5.901140684410646,7.0,5.0,0.5632255617777284,2.0,9,CLIMA200
1283-19,UMIDADE,AVIÁRIO MEIO,29/09/2025,7.0,8.0,6.0,0.49811675413689777,2.0,40,CLIMA200
1283-19,UMIDADE,AVIÁRIO MEIO,30/08/2025,6.0643939393939394,7.0,5.0,0.8069426564957164,2.0,10,CLIMA200
1283-19,UMIDADE,AVIÁRIO MEIO,30/09/2025,7.509505703422053,8.0,7.0,0.49990963343634126,1.0,41,CLIMA200
1283-19,UMIDADE,AVIÁRIO MEIO,31/08/2025,5.796934865900383,7.0,5.0,0.4641869581925166,2.0,11,CLIMA200
