lote_composto,Grandeza,Local,Data,average_valor
1281_19,CONSUMO DO SILO,EXTERNO,01/09/2025,150.00874340949034
1281_19,CONSUMO DO SILO,EXTERNO,01/10/2025,5.211363636363637
1281_19,CONSUMO DO SILO,EXTERNO,02/09/2025,85.25429370629371
1281_19,CONSUMO DO SILO,EXTERNO,03/09/2025,38.54710758377425
1281_19,CONSUMO DO SILO,EXTERNO,04/09/2025,47.189846153846155
1281_19,CONSUMO DO SILO,EXTERNO,05/09/2025,34.45731818181818
1281_19,CONSUMO DO SILO,EXTERNO,06/09/2025,48.51215331010453
1281_19,CONSUMO DO SILO,EXTERNO,07/09/2025,5.235795454545454
1281_19,CONSUMO DO SILO,EXTERNO,08/09/2025,9.160673076923077
1281_19,CONSUMO DO SILO,EXTERNO,09/09/2025,80.20086236933797
1281_19,CONSUMO DO SILO,EXTERNO,10/09/2025,44.11879894179894
1281_19,CONSUMO DO SILO,EXTERNO,11/09/2025,27.696498251748253
1281_19,CONSUMO DO SILO,EXTERNO,12/09/2025,46.27599470899471
1281_19,CONSUMO DO SILO,EXTERNO,13/09/2025,27.822318181818183
1281_19,CONSUMO DO SILO,EXTERNO,14/09/2025,134.5858371681416
1281_19,CONSUMO DO SILO,EXTERNO,15/09/2025,44.046459790209795
1281_19,CONSUMO DO SILO,EXTERNO,16/08/2025,12.62062937062937
1281_19,CONSUMO DO SILO,EXTERNO,16/09/2025,34.871973776223776
1281_19,CONSUMO DO SILO,EXTERNO,17/08/2025,11.82752613240418
1281_19,CONSUMO DO SILO,EXTERNO,17/09/2025,24.856340388007055
1281_19,CONSUMO DO SILO,EXTERNO,18/08/2025,30.464966549295774
1281_19,CONSUMO DO SILO,EXTERNO,18/09/2025,35.26091289198606
1281_19,CONSUMO DO SILO,EXTERNO,19/08/2025,42.69144076655052
1281_19,CONSUMO DO SILO,EXTERNO,19/09/2025,24.514083916083916
1281_19,CONSUMO DO SILO,EXTERNO,20/08/2025,11.210189895470384
1281_19,CONSUMO DO SILO,EXTERNO,20/09/2025,52.263096830985916
1281_19,CONSUMO DO SILO,EXTERNO,21/08/2025,21.829268292682926
1281_19,CONSUMO DO SILO,EXTERNO,21/09/2025,32.20923784722223
1281_19,CONSUMO DO SILO,EXTERNO,22/08/2025,109.92807017543859
1281_19,CONSUMO DO SILO,EXTERNO,22/09/2025,4.969858391608391
1281_19,CONSUMO DO SILO,EXTERNO,23/08/2025,175.4651567944251
1281_19,CONSUMO DO SILO,EXTERNO,23/09/2025,103.10769911504424
1281_19,CONSUMO DO SILO,EXTERNO,24/08/2025,186.34104195804196
1281_19,CONSUMO DO SILO,EXTERNO,24/09/2025,62.42287125220458
1281_19,CONSUMO DO SILO,EXTERNO,25/08/2025,161.3732394366197
1281_19,CONSUMO DO SILO,EXTERNO,25/09/2025,27.567865384615384
1281_19,CONSUMO DO SILO,EXTERNO,26/08/2025,112.53146853146853
1281_19,CONSUMO DO SILO,EXTERNO,26/09/2025,23.487939823008848
1281_19,CONSUMO DO SILO,EXTERNO,27/08/2025,156.48504545454546
1281_19,CONSUMO DO SILO,EXTERNO,27/09/2025,18.484825174825176
1281_19,CONSUMO DO SILO,EXTERNO,28/08/2025,102.28584965034965
1281_19,CONSUMO DO SILO,EXTERNO,28/09/2025,7.614143356643357
1281_19,CONSUMO DO SILO,EXTERNO,29/08/2025,45.658505226480834
1281_19,CONSUMO DO SILO,EXTERNO,29/09/2025,20.603845342706503
1281_19,CONSUMO DO SILO,EXTERNO,30/08/2025,65.5461403508772
1281_19,CONSUMO DO SILO,EXTERNO,30/09/2025,19.654506968641115
1281_19,CONSUMO DO SILO,EXTERNO,31/08/2025,274.5851480836237
1281_19,CORRENTE ELÉTRICA,EXTERNO,01/09/2025,3.218018648018648
1281_19,CORRENTE ELÉTRICA,EXTERNO,01/10/2025,22.82378787878788
1281_19,CORRENTE ELÉTRICA,EXTERNO,02/09/2025,5.512494172494173
1281_19,CORRENTE ELÉTRICA,EXTERNO,03/09/2025,5.86150987224158
1281_19,CORRENTE ELÉTRICA,EXTERNO,04/09/2025,4.4645528455284555
1281_19,CORRENTE ELÉTRICA,EXTERNO,05/09/2025,3.5089044289044287
1281_19,CORRENTE ELÉTRICA,EXTERNO,06/09/2025,3.8172241579558652
1281_19,CORRENTE ELÉTRICA,EXTERNO,07/09/2025,5.704673659673659
1281_19,CORRENTE ELÉTRICA,EXTERNO,08/09/2025,9.626363636363637
1281_19,CORRENTE ELÉTRICA,EXTERNO,09/09/2025,4.971010452961672
1281_19,CORRENTE ELÉTRICA,EXTERNO,10/09/2025,8.175244755244755
1281_19,CORRENTE ELÉTRICA,EXTERNO,11/09/2025,10.3297668997669
1281_19,CORRENTE ELÉTRICA,EXTERNO,12/09/2025,12.239152148664344
1281_19,CORRENTE ELÉTRICA,EXTERNO,13/09/2025,10.481573426573426
1281_19,CORRENTE ELÉTRICA,EXTERNO,14/09/2025,11.63039627039627
1281_19,CORRENTE ELÉTRICA,EXTERNO,15/09/2025,13.104703832752612
1281_19,CORRENTE ELÉTRICA,EXTERNO,16/09/2025,13.819695906432749
1281_19,CORRENTE ELÉTRICA,EXTERNO,17/09/2025,16.39471544715447
1281_19,CORRENTE ELÉTRICA,EXTERNO,18/09/2025,16.095524475524474
1281_19,CORRENTE ELÉTRICA,EXTERNO,19/08/2025,3.893962703962704
1281_19,CORRENTE ELÉTRICA,EXTERNO,19/09/2025,16.844184149184148
1281_19,CORRENTE ELÉTRICA,EXTERNO,20/08/2025,2.7601277584204413
1281_19,CORRENTE ELÉTRICA,EXTERNO,20/09/2025,18.027491289198608
1281_19,CORRENTE ELÉTRICA,EXTERNO,21/08/2025,2.5925407925407926
1281_19,CORRENTE ELÉTRICA,EXTERNO,21/09/2025,22.364452214452214
1281_19,CORRENTE ELÉTRICA,EXTERNO,22/08/2025,3.603937282229965
1281_19,CORRENTE ELÉTRICA,EXTERNO,22/09/2025,12.636807017543859
1281_19,CORRENTE ELÉTRICA,EXTERNO,23/08/2025,2.627890442890443
1281_19,CORRENTE ELÉTRICA,EXTERNO,23/09/2025,14.592171893147503
1281_19,CORRENTE ELÉTRICA,EXTERNO,24/08/2025,2.005384615384615
1281_19,CORRENTE ELÉTRICA,EXTERNO,24/09/2025,18.871689976689975
1281_19,CORRENTE ELÉTRICA,EXTERNO,25/08/2025,1.8978438228438228
1281_19,CORRENTE ELÉTRICA,EXTERNO,25/09/2025,16.680221445221445
1281_19,CORRENTE ELÉTRICA,EXTERNO,26/08/2025,2.34541231126597
1281_19,CORRENTE ELÉTRICA,EXTERNO,26/09/2025,18.51184668989547
1281_19,CORRENTE ELÉTRICA,EXTERNO,27/08/2025,2.562564102564102
1281_19,CORRENTE ELÉTRICA,EXTERNO,27/09/2025,20.880547785547783
1281_19,CORRENTE ELÉTRICA,EXTERNO,28/08/2025,2.9258536585365853
1281_19,CORRENTE ELÉTRICA,EXTERNO,28/09/2025,23.029756097560973
1281_19,CORRENTE ELÉTRICA,EXTERNO,29/08/2025,4.146515679442508
1281_19,CORRENTE ELÉTRICA,EXTERNO,29/09/2025,24.79883855981417
1281_19,CORRENTE ELÉTRICA,EXTERNO,30/08/2025,4.773671328671329
1281_19,CORRENTE ELÉTRICA,EXTERNO,30/09/2025,23.033902439024388
1281_19,CORRENTE ELÉTRICA,EXTERNO,31/08/2025,4.553948896631823
1281_19,DIFERENCIAL DE PRESSÃO,AVIÁRIO MEIO,01/09/2025,9.155038759689923
1281_19,DIFERENCIAL DE PRESSÃO,AVIÁRIO MEIO,01/10/2025,32.57471264367816
1281_19,DIFERENCIAL DE PRESSÃO,AVIÁRIO MEIO,02/09/2025,17.806818181818183
1281_19,DIFERENCIAL DE PRESSÃO,AVIÁRIO MEIO,03/09/2025,19.098484848484848
1281_19,DIFERENCIAL DE PRESSÃO,AVIÁRIO MEIO,04/09/2025,16.08679245283019
1281_19,DIFERENCIAL DE PRESSÃO,AVIÁRIO MEIO,05/09/2025,10.217557251908397
1281_19,DIFERENCIAL DE PRESSÃO,AVIÁRIO MEIO,06/09/2025,13.837121212121213
1281_19,DIFERENCIAL DE PRESSÃO,AVIÁRIO MEIO,07/09/2025,12.61977186311787
1281_19,DIFERENCIAL DE PRESSÃO,AVIÁRIO MEIO,08/09/2025,22.106060606060606
1281_19,DIFERENCIAL DE PRESSÃO,AVIÁRIO MEIO,09/09/2025,10.419847328244275
1281_19,DIFERENCIAL DE PRESSÃO,AVIÁRIO MEIO,10/09/2025,23.390151515151516
1281_19,DIFERENCIAL DE PRESSÃO,AVIÁRIO MEIO,11/09/2025,31.400763358778626
1281_19,DIFERENCIAL DE PRESSÃO,AVIÁRIO MEIO,12/09/2025,27.576779026217228
1281_19,DIFERENCIAL DE PRESSÃO,AVIÁRIO MEIO,13/09/2025,27.54230769230769
1281_19,DIFERENCIAL DE PRESSÃO,AVIÁRIO MEIO,14/09/2025,27.828244274809162
1281_19,DIFERENCIAL DE PRESSÃO,AVIÁRIO MEIO,15/09/2025,28.049056603773586
1281_19,DIFERENCIAL DE PRESSÃO,AVIÁRIO MEIO,16/09/2025,27.587786259541986
1281_19,DIFERENCIAL DE PRESSÃO,AVIÁRIO MEIO,17/09/2025,28.37878787878788
1281_19,DIFERENCIAL DE PRESSÃO,AVIÁRIO MEIO,18/09/2025,28.61832061068702
1281_19,DIFERENCIAL DE PRESSÃO,AVIÁRIO MEIO,19/08/2025,11.25
1281_19,DIFERENCIAL DE PRESSÃO,AVIÁRIO MEIO,19/09/2025,28.578740157480315
1281_19,DIFERENCIAL DE PRESSÃO,AVIÁRIO MEIO,20/09/2025,30.335849056603774
1281_19,DIFERENCIAL DE PRESSÃO,AVIÁRIO MEIO,21/09/2025,33.684615384615384
1281_19,DIFERENCIAL DE PRESSÃO,AVIÁRIO MEIO,22/09/2025,25.93574297188755
1281_19,DIFERENCIAL DE PRESSÃO,AVIÁRIO MEIO,23/09/2025,26.98076923076923
1281_19,DIFERENCIAL DE PRESSÃO,AVIÁRIO MEIO,24/09/2025,30.573099415204677
1281_19,DIFERENCIAL DE PRESSÃO,AVIÁRIO MEIO,25/08/2025,7.588235294117647
1281_19,DIFERENCIAL DE PRESSÃO,AVIÁRIO MEIO,25/09/2025,29.183098591549296
1281_19,DIFERENCIAL DE PRESSÃO,AVIÁRIO MEIO,26/08/2025,7.618025751072961
1281_19,DIFERENCIAL DE PRESSÃO,AVIÁRIO MEIO,26/09/2025,31.543726235741445
1281_19,DIFERENCIAL DE PRESSÃO,AVIÁRIO MEIO,27/08/2025,10.378048780487806
1281_19,DIFERENCIAL DE PRESSÃO,AVIÁRIO MEIO,27/09/2025,33.98859315589353
1281_19,DIFERENCIAL DE PRESSÃO,AVIÁRIO MEIO,28/08/2025,11.882575757575758
1281_19,DIFERENCIAL DE PRESSÃO,AVIÁRIO MEIO,28/09/2025,30.88593155893536
1281_19,DIFERENCIAL DE PRESSÃO,AVIÁRIO MEIO,29/08/2025,14.254752851711027
1281_19,DIFERENCIAL DE PRESSÃO,AVIÁRIO MEIO,29/09/2025,34.432330827067666
1281_19,DIFERENCIAL DE PRESSÃO,AVIÁRIO MEIO,30/08/2025,14.147727272727273
1281_19,DIFERENCIAL DE PRESSÃO,AVIÁRIO MEIO,30/09/2025,31.166037735849056
1281_19,DIFERENCIAL DE PRESSÃO,AVIÁRIO MEIO,31/08/2025,14.942528735632184
1281_19,ENERGIA ELÉTRICA DO DIA,EXTERNO,01/09/2025,7.420967365967366
1281_19,ENERGIA ELÉTRICA DO DIA,EXTERNO,01/10/2025,51.03926573426574
1281_19,ENERGIA ELÉTRICA DO DIA,EXTERNO,02/09/2025,11.556620046620047
1281_19,ENERGIA ELÉTRICA DO DIA,EXTERNO,03/09/2025,12.054471544715447
1281_19,ENERGIA ELÉTRICA DO DIA,EXTERNO,04/09/2025,9.953461091753775
1281_19,ENERGIA ELÉTRICA DO DIA,EXTERNO,05/09/2025,8.50135198135198
1281_19,ENERGIA ELÉTRICA DO DIA,EXTERNO,06/09/2025,8.54405342624855
1281_19,ENERGIA ELÉTRICA DO DIA,EXTERNO,07/09/2025,13.593543123543125
1281_19,ENERGIA ELÉTRICA DO DIA,EXTERNO,08/09/2025,20.07734265734266
1281_19,ENERGIA ELÉTRICA DO DIA,EXTERNO,09/09/2025,11.250603948896632
1281_19,ENERGIA ELÉTRICA DO DIA,EXTERNO,10/09/2025,16.017074592074593
1281_19,ENERGIA ELÉTRICA DO DIA,EXTERNO,11/09/2025,24.745011655011655
1281_19,ENERGIA ELÉTRICA DO DIA,EXTERNO,12/09/2025,26.180081300813008
1281_19,ENERGIA ELÉTRICA DO DIA,EXTERNO,13/09/2025,22.83691142191142
1281_19,ENERGIA ELÉTRICA DO DIA,EXTERNO,14/09/2025,25.45637529137529
1281_19,ENERGIA ELÉTRICA DO DIA,EXTERNO,15/09/2025,27.781544715447154
1281_19,ENERGIA ELÉTRICA DO DIA,EXTERNO,16/09/2025,28.0186783625731
1281_19,ENERGIA ELÉTRICA DO DIA,EXTERNO,17/09/2025,18.229361207897792
1281_19,ENERGIA ELÉTRICA DO DIA,EXTERNO,18/09/2025,33.74730769230769
1281_19,ENERGIA ELÉTRICA DO DIA,EXTERNO,19/08/2025,10.315967365967367
1281_19,ENERGIA ELÉTRICA DO DIA,EXTERNO,19/09/2025,34.286899766899765
1281_19,ENERGIA ELÉTRICA DO DIA,EXTERNO,20/08/2025,6.693066202090592
1281_19,ENERGIA ELÉTRICA DO DIA,EXTERNO,20/09/2025,39.963983739837396
1281_19,ENERGIA ELÉTRICA DO DIA,EXTERNO,21/08/2025,6.388927738927738
1281_19,ENERGIA ELÉTRICA DO DIA,EXTERNO,21/09/2025,48.02776223776224
1281_19,ENERGIA ELÉTRICA DO DIA,EXTERNO,22/08/2025,7.876515679442509
1281_19,ENERGIA ELÉTRICA DO DIA,EXTERNO,22/09/2025,31.412409356725146
1281_19,ENERGIA ELÉTRICA DO DIA,EXTERNO,23/08/2025,6.373764568764568
1281_19,ENERGIA ELÉTRICA DO DIA,EXTERNO,23/09/2025,30.42720092915215
1281_19,ENERGIA ELÉTRICA DO DIA,EXTERNO,24/08/2025,5.085244755244756
1281_19,ENERGIA ELÉTRICA DO DIA,EXTERNO,24/09/2025,39.928275058275055
1281_19,ENERGIA ELÉTRICA DO DIA,EXTERNO,25/08/2025,4.707249417249417
1281_19,ENERGIA ELÉTRICA DO DIA,EXTERNO,25/09/2025,19.21465034965035
1281_19,ENERGIA ELÉTRICA DO DIA,EXTERNO,26/08/2025,5.511718931475029
1281_19,ENERGIA ELÉTRICA DO DIA,EXTERNO,26/09/2025,38.38881533101045
1281_19,ENERGIA ELÉTRICA DO DIA,EXTERNO,27/08/2025,5.600407925407925
1281_19,ENERGIA ELÉTRICA DO DIA,EXTERNO,27/09/2025,41.527389277389275
1281_19,ENERGIA ELÉTRICA DO DIA,EXTERNO,28/08/2025,6.396283391405342
1281_19,ENERGIA ELÉTRICA DO DIA,EXTERNO,28/09/2025,50.124587688734024
1281_19,ENERGIA ELÉTRICA DO DIA,EXTERNO,29/08/2025,8.358803716608595
1281_19,ENERGIA ELÉTRICA DO DIA,EXTERNO,29/09/2025,56.07085946573752
1281_19,ENERGIA ELÉTRICA DO DIA,EXTERNO,30/08/2025,10.020571095571094
1281_19,ENERGIA ELÉTRICA DO DIA,EXTERNO,30/09/2025,58.514401858304296
1281_19,ENERGIA ELÉTRICA DO DIA,EXTERNO,31/08/2025,10.101533101045296
1281_19,TEMPERATURA,AVIÁRIO FRENTE,01/09/2025,26.119767441860468
1281_19,TEMPERATURA,AVIÁRIO FRENTE,01/10/2025,22.188250319284805
1281_19,TEMPERATURA,AVIÁRIO FRENTE,02/09/2025,27.372727272727275
1281_19,TEMPERATURA,AVIÁRIO FRENTE,03/09/2025,27.32058080808081
1281_19,TEMPERATURA,AVIÁRIO FRENTE,04/09/2025,27.06075471698113
1281_19,TEMPERATURA,AVIÁRIO FRENTE,05/09/2025,23.283397190293744
1281_19,TEMPERATURA,AVIÁRIO FRENTE,06/09/2025,24.15997474747475
1281_19,TEMPERATURA,AVIÁRIO FRENTE,07/09/2025,24.741191381495565
1281_19,TEMPERATURA,AVIÁRIO FRENTE,08/09/2025,25.147222222222222
1281_19,TEMPERATURA,AVIÁRIO FRENTE,09/09/2025,22.46501272264631
1281_19,TEMPERATURA,AVIÁRIO FRENTE,10/09/2025,22.614141414141415
1281_19,TEMPERATURA,AVIÁRIO FRENTE,11/09/2025,23.02824427480916
1281_19,TEMPERATURA,AVIÁRIO FRENTE,12/09/2025,25.591011235955058
1281_19,TEMPERATURA,AVIÁRIO FRENTE,13/09/2025,24.55346153846154
1281_19,TEMPERATURA,AVIÁRIO FRENTE,14/09/2025,23.8823155216285
1281_19,TEMPERATURA,AVIÁRIO FRENTE,15/09/2025,24.027924528301888
1281_19,TEMPERATURA,AVIÁRIO FRENTE,16/09/2025,24.866921119592877
1281_19,TEMPERATURA,AVIÁRIO FRENTE,17/09/2025,25.11098484848485
1281_19,TEMPERATURA,AVIÁRIO FRENTE,18/09/2025,24.30101781170483
1281_19,TEMPERATURA,AVIÁRIO FRENTE,19/09/2025,24.156824146981627
1281_19,TEMPERATURA,AVIÁRIO FRENTE,20/09/2025,24.186163522012578
1281_19,TEMPERATURA,AVIÁRIO FRENTE,21/09/2025,25.026666666666667
1281_19,TEMPERATURA,AVIÁRIO FRENTE,22/09/2025,21.099330655957164
1281_19,TEMPERATURA,AVIÁRIO FRENTE,23/09/2025,20.238589743589745
1281_19,TEMPERATURA,AVIÁRIO FRENTE,24/09/2025,21.089278752436645
1281_19,TEMPERATURA,AVIÁRIO FRENTE,25/08/2025,27.24142156862745
1281_19,TEMPERATURA,AVIÁRIO FRENTE,25/09/2025,22.088732394366197
1281_19,TEMPERATURA,AVIÁRIO FRENTE,26/08/2025,27.105293276108725
1281_19,TEMPERATURA,AVIÁRIO FRENTE,26/09/2025,22.158174904942964
1281_19,TEMPERATURA,AVIÁRIO FRENTE,27/08/2025,27.300948509485092
1281_19,TEMPERATURA,AVIÁRIO FRENTE,27/09/2025,22.70468948035488
1281_19,TEMPERATURA,AVIÁRIO FRENTE,28/08/2025,27.162373737373734
1281_19,TEMPERATURA,AVIÁRIO FRENTE,28/09/2025,23.546894803548795
1281_19,TEMPERATURA,AVIÁRIO FRENTE,29/08/2025,27.568567807351076
1281_19,TEMPERATURA,AVIÁRIO FRENTE,29/09/2025,23.7406015037594
1281_19,TEMPERATURA,AVIÁRIO FRENTE,30/08/2025,27.596338383838383
1281_19,TEMPERATURA,AVIÁRIO FRENTE,30/09/2025,22.594591194968555
1281_19,TEMPERATURA,AVIÁRIO FRENTE,31/08/2025,27.10676883780332
1281_19,TEMPERATURA,AVIÁRIO FUNDO,01/09/2025,26.524418604651164
1281_19,TEMPERATURA,AVIÁRIO FUNDO,01/10/2025,24.479885057471265
1281_19,TEMPERATURA,AVIÁRIO FUNDO,02/09/2025,27.925189393939394
1281_19,TEMPERATURA,AVIÁRIO FUNDO,03/09/2025,28.151704545454546
1281_19,TEMPERATURA,AVIÁRIO FUNDO,04/09/2025,27.066415094339625
1281_19,TEMPERATURA,AVIÁRIO FUNDO,05/09/2025,23.62662835249042
1281_19,TEMPERATURA,AVIÁRIO FUNDO,06/09/2025,24.021780303030305
1281_19,TEMPERATURA,AVIÁRIO FUNDO,07/09/2025,25.530608365019013
1281_19,TEMPERATURA,AVIÁRIO FUNDO,08/09/2025,27.544507575757574
1281_19,TEMPERATURA,AVIÁRIO FUNDO,09/09/2025,25.87290076335878
1281_19,TEMPERATURA,AVIÁRIO FUNDO,10/09/2025,24.35151515151515
1281_19,TEMPERATURA,AVIÁRIO FUNDO,11/09/2025,24.8293893129771
1281_19,TEMPERATURA,AVIÁRIO FUNDO,12/09/2025,27.007677902621722
1281_19,TEMPERATURA,AVIÁRIO FUNDO,13/09/2025,25.902115384615385
1281_19,TEMPERATURA,AVIÁRIO FUNDO,14/09/2025,25.539312977099236
1281_19,TEMPERATURA,AVIÁRIO FUNDO,15/09/2025,25.896603773584907
1281_19,TEMPERATURA,AVIÁRIO FUNDO,16/09/2025,26.963931297709923
1281_19,TEMPERATURA,AVIÁRIO FUNDO,17/09/2025,27.184280303030302
1281_19,TEMPERATURA,AVIÁRIO FUNDO,18/09/2025,26.379389312977096
1281_19,TEMPERATURA,AVIÁRIO FUNDO,19/09/2025,26.2
1281_19,TEMPERATURA,AVIÁRIO FUNDO,20/09/2025,26.954528301886793
1281_19,TEMPERATURA,AVIÁRIO FUNDO,21/09/2025,27.50076923076923
1281_19,TEMPERATURA,AVIÁRIO FUNDO,22/09/2025,23.849397590361445
1281_19,TEMPERATURA,AVIÁRIO FUNDO,23/09/2025,21.7625
1281_19,TEMPERATURA,AVIÁRIO FUNDO,24/09/2025,22.93391812865497
1281_19,TEMPERATURA,AVIÁRIO FUNDO,25/08/2025,25.17683823529412
1281_19,TEMPERATURA,AVIÁRIO FUNDO,25/09/2025,24.718309859154928
1281_19,TEMPERATURA,AVIÁRIO FUNDO,26/08/2025,25.393562231759656
1281_19,TEMPERATURA,AVIÁRIO FUNDO,26/09/2025,24.368821292775664
1281_19,TEMPERATURA,AVIÁRIO FUNDO,27/08/2025,26.159552845528456
1281_19,TEMPERATURA,AVIÁRIO FUNDO,27/09/2025,25.3680608365019
1281_19,TEMPERATURA,AVIÁRIO FUNDO,28/08/2025,26.598484848484848
1281_19,TEMPERATURA,AVIÁRIO FUNDO,28/09/2025,25.827566539923954
1281_19,TEMPERATURA,AVIÁRIO FUNDO,29/08/2025,27.223764258555136
1281_19,TEMPERATURA,AVIÁRIO FUNDO,29/09/2025,26.08796992481203
1281_19,TEMPERATURA,AVIÁRIO FUNDO,30/08/2025,27.365151515151513
1281_19,TEMPERATURA,AVIÁRIO FUNDO,30/09/2025,24.76132075471698
1281_19,TEMPERATURA,AVIÁRIO FUNDO,31/08/2025,26.90842911877395
1281_19,TEMPERATURA,AVIÁRIO MEIO,01/09/2025,26.41124031007752
1281_19,TEMPERATURA,AVIÁRIO MEIO,01/10/2025,23.540804597701147
1281_19,TEMPERATURA,AVIÁRIO MEIO,02/09/2025,27.772348484848482
1281_19,TEMPERATURA,AVIÁRIO MEIO,03/09/2025,27.914583333333333
1281_19,TEMPERATURA,AVIÁRIO MEIO,04/09/2025,26.91924528301887
1281_19,TEMPERATURA,AVIÁRIO MEIO,05/09/2025,23.49406130268199
1281_19,TEMPERATURA,AVIÁRIO MEIO,06/09/2025,23.898863636363636
1281_19,TEMPERATURA,AVIÁRIO MEIO,07/09/2025,25.05703422053232
1281_19,TEMPERATURA,AVIÁRIO MEIO,08/09/2025,26.865909090909092
1281_19,TEMPERATURA,AVIÁRIO MEIO,09/09/2025,24.643320610687024
1281_19,TEMPERATURA,AVIÁRIO MEIO,10/09/2025,23.634659090909093
1281_19,TEMPERATURA,AVIÁRIO MEIO,11/09/2025,24.23320610687023
1281_19,TEMPERATURA,AVIÁRIO MEIO,12/09/2025,26.5687265917603
1281_19,TEMPERATURA,AVIÁRIO MEIO,13/09/2025,25.412115384615383
1281_19,TEMPERATURA,AVIÁRIO MEIO,14/09/2025,24.99770992366412
1281_19,TEMPERATURA,AVIÁRIO MEIO,15/09/2025,25.32943396226415
1281_19,TEMPERATURA,AVIÁRIO MEIO,16/09/2025,26.220419847328245
1281_19,TEMPERATURA,AVIÁRIO MEIO,17/09/2025,26.570833333333333
1281_19,TEMPERATURA,AVIÁRIO MEIO,18/09/2025,25.757824427480916
1281_19,TEMPERATURA,AVIÁRIO MEIO,19/09/2025,25.615551181102365
1281_19,TEMPERATURA,AVIÁRIO MEIO,20/09/2025,26.06679245283019
1281_19,TEMPERATURA,AVIÁRIO MEIO,21/09/2025,26.652692307692305
1281_19,TEMPERATURA,AVIÁRIO MEIO,22/09/2025,22.79277108433735
1281_19,TEMPERATURA,AVIÁRIO MEIO,23/09/2025,21.07576923076923
1281_19,TEMPERATURA,AVIÁRIO MEIO,24/09/2025,22.377777777777776
1281_19,TEMPERATURA,AVIÁRIO MEIO,25/08/2025,27.02830882352941
1281_19,TEMPERATURA,AVIÁRIO MEIO,25/09/2025,23.88450704225352
1281_19,TEMPERATURA,AVIÁRIO MEIO,26/08/2025,26.816952789699574
1281_19,TEMPERATURA,AVIÁRIO MEIO,26/09/2025,23.687262357414447
1281_19,TEMPERATURA,AVIÁRIO MEIO,27/08/2025,26.944308943089432
1281_19,TEMPERATURA,AVIÁRIO MEIO,27/09/2025,24.559315589353613
1281_19,TEMPERATURA,AVIÁRIO MEIO,28/08/2025,27.20151515151515
1281_19,TEMPERATURA,AVIÁRIO MEIO,28/09/2025,24.984220532319394
1281_19,TEMPERATURA,AVIÁRIO MEIO,29/08/2025,27.553612167300383
1281_19,TEMPERATURA,AVIÁRIO MEIO,29/09/2025,25.284774436090224
1281_19,TEMPERATURA,AVIÁRIO MEIO,30/08/2025,27.538636363636364
1281_19,TEMPERATURA,AVIÁRIO MEIO,30/09/2025,23.85056603773585
1281_19,TEMPERATURA,AVIÁRIO MEIO,31/08/2025,27.073563218390802
1281_19,TEMPERATURA,EXTERNO,01/09/2025,20.365116279069767
1281_19,TEMPERATURA,EXTERNO,01/10/2025,22.320306513409964
1281_19,TEMPERATURA,EXTERNO,02/09/2025,25.128030303030304
1281_19,TEMPERATURA,EXTERNO,03/09/2025,26.361363636363635
1281_19,TEMPERATURA,EXTERNO,04/09/2025,23.119622641509434
1281_19,TEMPERATURA,EXTERNO,05/09/2025,16.0639846743295
1281_19,TEMPERATURA,EXTERNO,06/09/2025,17.732575757575756
1281_19,TEMPERATURA,EXTERNO,07/09/2025,20.63384030418251
1281_19,TEMPERATURA,EXTERNO,08/09/2025,25.41931818181818
1281_19,TEMPERATURA,EXTERNO,09/09/2025,22.918702290076336
1281_19,TEMPERATURA,EXTERNO,10/09/2025,22.045075757575756
1281_19,TEMPERATURA,EXTERNO,11/09/2025,23.235114503816796
1281_19,TEMPERATURA,EXTERNO,12/09/2025,27.483520599250937
1281_19,TEMPERATURA,EXTERNO,13/09/2025,23.756923076923076
1281_19,TEMPERATURA,EXTERNO,14/09/2025,23.806870229007632
1281_19,TEMPERATURA,EXTERNO,15/09/2025,24.706415094339622
1281_19,TEMPERATURA,EXTERNO,16/09/2025,26.776335877862593
1281_19,TEMPERATURA,EXTERNO,17/09/2025,27.428030303030305
1281_19,TEMPERATURA,EXTERNO,18/09/2025,26.33854961832061
1281_19,TEMPERATURA,EXTERNO,19/09/2025,26.70748031496063
1281_19,TEMPERATURA,EXTERNO,20/09/2025,27.847169811320754
1281_19,TEMPERATURA,EXTERNO,21/09/2025,29.34346153846154
1281_19,TEMPERATURA,EXTERNO,22/09/2025,21.647791164658635
1281_19,TEMPERATURA,EXTERNO,23/09/2025,20.37653846153846
1281_19,TEMPERATURA,EXTERNO,24/09/2025,23.018713450292395
1281_19,TEMPERATURA,EXTERNO,25/08/2025,13.42720588235294
1281_19,TEMPERATURA,EXTERNO,25/09/2025,24.152112676056337
1281_19,TEMPERATURA,EXTERNO,26/08/2025,16.503862660944208
1281_19,TEMPERATURA,EXTERNO,26/09/2025,22.78365019011407
1281_19,TEMPERATURA,EXTERNO,27/08/2025,19.92032520325203
1281_19,TEMPERATURA,EXTERNO,27/09/2025,24.597338403041828
1281_19,TEMPERATURA,EXTERNO,28/08/2025,20.87348484848485
1281_19,TEMPERATURA,EXTERNO,28/09/2025,25.563498098859316
1281_19,TEMPERATURA,EXTERNO,29/08/2025,22.841444866920153
1281_19,TEMPERATURA,EXTERNO,29/09/2025,26.186842105263157
1281_19,TEMPERATURA,EXTERNO,30/08/2025,24.212500000000002
1281_19,TEMPERATURA,EXTERNO,30/09/2025,22.896603773584907
1281_19,TEMPERATURA,EXTERNO,31/08/2025,22.75593869731801
1281_19,UMIDADE,AVIÁRIO MEIO,01/09/2025,6.651162790697675
1281_19,UMIDADE,AVIÁRIO MEIO,01/10/2025,8.0
1281_19,UMIDADE,AVIÁRIO MEIO,02/09/2025,6.151515151515151
1281_19,UMIDADE,AVIÁRIO MEIO,03/09/2025,5.8522727272727275
1281_19,UMIDADE,AVIÁRIO MEIO,04/09/2025,6.192452830188679
1281_19,UMIDADE,AVIÁRIO MEIO,05/09/2025,7.011450381679389
1281_19,UMIDADE,AVIÁRIO MEIO,06/09/2025,6.833333333333333
1281_19,UMIDADE,AVIÁRIO MEIO,07/09/2025,6.806083650190114
1281_19,UMIDADE,AVIÁRIO MEIO,08/09/2025,6.515151515151516
1281_19,UMIDADE,AVIÁRIO MEIO,09/09/2025,6.820610687022901
1281_19,UMIDADE,AVIÁRIO MEIO,10/09/2025,5.643939393939394
1281_19,UMIDADE,AVIÁRIO MEIO,11/09/2025,5.461832061068702
1281_19,UMIDADE,AVIÁRIO MEIO,12/09/2025,5.329588014981273
1281_19,UMIDADE,AVIÁRIO MEIO,13/09/2025,5.815384615384615
1281_19,UMIDADE,AVIÁRIO MEIO,14/09/2025,5.904580152671755
1281_19,UMIDADE,AVIÁRIO MEIO,15/09/2025,6.1773584905660375
1281_19,UMIDADE,AVIÁRIO MEIO,16/09/2025,6.5458015267175576
1281_19,UMIDADE,AVIÁRIO MEIO,17/09/2025,6.393939393939394
1281_19,UMIDADE,AVIÁRIO MEIO,18/09/2025,5.591603053435114
1281_19,UMIDADE,AVIÁRIO MEIO,19/09/2025,5.448818897637795
1281_19,UMIDADE,AVIÁRIO MEIO,20/09/2025,6.735849056603773
1281_19,UMIDADE,AVIÁRIO MEIO,21/09/2025,7.338461538461538
1281_19,UMIDADE,AVIÁRIO MEIO,22/09/2025,6.606425702811245
1281_19,UMIDADE,AVIÁRIO MEIO,23/09/2025,5.373076923076923
1281_19,UMIDADE,AVIÁRIO MEIO,24/09/2025,5.619883040935672
1281_19,UMIDADE,AVIÁRIO MEIO,25/08/2025,5.919117647058823
1281_19,UMIDADE,AVIÁRIO MEIO,25/09/2025,5.126760563380282
1281_19,UMIDADE,AVIÁRIO MEIO,26/08/2025,6.0
1281_19,UMIDADE,AVIÁRIO MEIO,26/09/2025,5.566539923954372
1281_19,UMIDADE,AVIÁRIO MEIO,27/08/2025,6.109756097560975
1281_19,UMIDADE,AVIÁRIO MEIO,27/09/2025,5.908745247148289
1281_19,UMIDADE,AVIÁRIO MEIO,28/08/2025,5.988636363636363
1281_19,UMIDADE,AVIÁRIO MEIO,28/09/2025,7.216730038022813
1281_19,UMIDADE,AVIÁRIO MEIO,29/08/2025,6.0418250950570345
1281_19,UMIDADE,AVIÁRIO MEIO,29/09/2025,7.537593984962406
1281_19,UMIDADE,AVIÁRIO MEIO,30/08/2025,6.049242424242424
1281_19,UMIDADE,AVIÁRIO MEIO,30/09/2025,7.675471698113207
1281_19,UMIDADE,AVIÁRIO MEIO,31/08/2025,5.812260536398467
1282_19,AMÔNIA,AVIÁRIO MEIO,01/09/2025,23.84790874524715
1282_19,AMÔNIA,AVIÁRIO MEIO,01/10/2025,11.684410646387832
1282_19,AMÔNIA,AVIÁRIO MEIO,02/09/2025,18.241509433962264
1282_19,AMÔNIA,AVIÁRIO MEIO,03/09/2025,16.91698113207547
1282_19,AMÔNIA,AVIÁRIO MEIO,04/09/2025,20.464150943396227
1282_19,AMÔNIA,AVIÁRIO MEIO,05/09/2025,26.84351145038168
1282_19,AMÔNIA,AVIÁRIO MEIO,06/09/2025,26.326996197718632
1282_19,AMÔNIA,AVIÁRIO MEIO,07/09/2025,23.15648854961832
1282_19,AMÔNIA,AVIÁRIO MEIO,08/09/2025,16.60153256704981
1282_19,AMÔNIA,AVIÁRIO MEIO,09/09/2025,20.111538461538462
1282_19,AMÔNIA,AVIÁRIO MEIO,10/09/2025,18.22519083969466
1282_19,AMÔNIA,AVIÁRIO MEIO,11/09/2025,16.544401544401545
1282_19,AMÔNIA,AVIÁRIO MEIO,12/09/2025,14.266917293233083
1282_19,AMÔNIA,AVIÁRIO MEIO,13/09/2025,15.395437262357415
1282_19,AMÔNIA,AVIÁRIO MEIO,14/09/2025,14.4106463878327
1282_19,AMÔNIA,AVIÁRIO MEIO,15/09/2025,13.859848484848484
1282_19,AMÔNIA,AVIÁRIO MEIO,16/09/2025,14.045977011494253
1282_19,AMÔNIA,AVIÁRIO MEIO,17/09/2025,13.650375939849624
1282_19,AMÔNIA,AVIÁRIO MEIO,18/09/2025,13.603053435114504
1282_19,AMÔNIA,AVIÁRIO MEIO,19/09/2025,13.5234375
1282_19,AMÔNIA,AVIÁRIO MEIO,20/09/2025,13.552631578947368
1282_19,AMÔNIA,AVIÁRIO MEIO,21/09/2025,12.818532818532818
1282_19,AMÔNIA,AVIÁRIO MEIO,22/09/2025,15.348178137651821
1282_19,AMÔNIA,AVIÁRIO MEIO,23/09/2025,15.873563218390805
1282_19,AMÔNIA,AVIÁRIO MEIO,24/09/2025,15.214285714285714
1282_19,AMÔNIA,AVIÁRIO MEIO,25/08/2025,37.128787878787875
1282_19,AMÔNIA,AVIÁRIO MEIO,25/09/2025,13.242857142857142
1282_19,AMÔNIA,AVIÁRIO MEIO,26/08/2025,35.85294117647059
1282_19,AMÔNIA,AVIÁRIO MEIO,26/09/2025,13.53639846743295
1282_19,AMÔNIA,AVIÁRIO MEIO,27/08/2025,28.700404858299596
1282_19,AMÔNIA,AVIÁRIO MEIO,27/09/2025,12.943396226415095
1282_19,AMÔNIA,AVIÁRIO MEIO,28/08/2025,26.505703422053234
1282_19,AMÔNIA,AVIÁRIO MEIO,28/09/2025,13.086792452830188
1282_19,AMÔNIA,AVIÁRIO MEIO,29/08/2025,21.870229007633586
1282_19,AMÔNIA,AVIÁRIO MEIO,29/09/2025,13.481203007518797
1282_19,AMÔNIA,AVIÁRIO MEIO,30/08/2025,19.40909090909091
1282_19,AMÔNIA,AVIÁRIO MEIO,30/09/2025,14.460076045627376
1282_19,AMÔNIA,AVIÁRIO MEIO,31/08/2025,20.07335907335907
1282_19,CONSUMO DO SILO,EXTERNO,01/09/2025,49.09860104529617
1282_19,CONSUMO DO SILO,EXTERNO,01/10/2025,6.444055944055944
1282_19,CONSUMO DO SILO,EXTERNO,02/09/2025,110.24611228070175
1282_19,CONSUMO DO SILO,EXTERNO,03/09/2025,86.00289929328622
1282_19,CONSUMO DO SILO,EXTERNO,04/09/2025,54.180520905923345
1282_19,CONSUMO DO SILO,EXTERNO,05/09/2025,60.41600524475525
1282_19,CONSUMO DO SILO,EXTERNO,06/09/2025,41.285961538461535
1282_19,CONSUMO DO SILO,EXTERNO,07/09/2025,11.088465156794426
1282_19,CONSUMO DO SILO,EXTERNO,08/09/2025,92.59614361702127
1282_19,CONSUMO DO SILO,EXTERNO,09/09/2025,155.3579756097561
1282_19,CONSUMO DO SILO,EXTERNO,10/09/2025,104.44248251748252
1282_19,CONSUMO DO SILO,EXTERNO,11/09/2025,66.57995454545454
1282_19,CONSUMO DO SILO,EXTERNO,12/09/2025,87.88239285714286
1282_19,CONSUMO DO SILO,EXTERNO,13/09/2025,57.95064808362369
1282_19,CONSUMO DO SILO,EXTERNO,14/09/2025,18.661239015817223
1282_19,CONSUMO DO SILO,EXTERNO,15/09/2025,22.605895104895104
1282_19,CONSUMO DO SILO,EXTERNO,16/08/2025,10.449477351916377
1282_19,CONSUMO DO SILO,EXTERNO,16/09/2025,8.154246503496504
1282_19,CONSUMO DO SILO,EXTERNO,17/08/2025,7.270034843205575
1282_19,CONSUMO DO SILO,EXTERNO,17/09/2025,122.82876190476189
1282_19,CONSUMO DO SILO,EXTERNO,18/08/2025,63.244288224956065
1282_19,CONSUMO DO SILO,EXTERNO,18/09/2025,25.84715034965035
1282_19,CONSUMO DO SILO,EXTERNO,19/08/2025,25.74395644599303
1282_19,CONSUMO DO SILO,EXTERNO,19/09/2025,202.20605594405595
1282_19,CONSUMO DO SILO,EXTERNO,20/08/2025,12.56634090909091
1282_19,CONSUMO DO SILO,EXTERNO,20/09/2025,29.447037366548045
1282_19,CONSUMO DO SILO,EXTERNO,21/08/2025,12.23157894736842
1282_19,CONSUMO DO SILO,EXTERNO,21/09/2025,34.91366083916084
1282_19,CONSUMO DO SILO,EXTERNO,22/08/2025,284.7787456445993
1282_19,CONSUMO DO SILO,EXTERNO,22/09/2025,42.39086419753086
1282_19,CONSUMO DO SILO,EXTERNO,23/08/2025,63.09507042253521
1282_19,CONSUMO DO SILO,EXTERNO,23/09/2025,15.12886888111888
1282_19,CONSUMO DO SILO,EXTERNO,24/08/2025,55.72648083623693
1282_19,CONSUMO DO SILO,EXTERNO,24/09/2025,18.583246913580247
1282_19,CONSUMO DO SILO,EXTERNO,25/08/2025,245.44230769230768
1282_19,CONSUMO DO SILO,EXTERNO,25/09/2025,39.962080419580424
1282_19,CONSUMO DO SILO,EXTERNO,26/08/2025,78.79230769230769
1282_19,CONSUMO DO SILO,EXTERNO,26/09/2025,44.11675088339222
1282_19,CONSUMO DO SILO,EXTERNO,27/08/2025,112.01902992957747
1282_19,CONSUMO DO SILO,EXTERNO,27/09/2025,16.94445518453427
1282_19,CONSUMO DO SILO,EXTERNO,28/08/2025,159.1425307557118
1282_19,CONSUMO DO SILO,EXTERNO,28/09/2025,23.060931818181817
1282_19,CONSUMO DO SILO,EXTERNO,29/08/2025,139.43175261324043
1282_19,CONSUMO DO SILO,EXTERNO,29/09/2025,76.28853064798598
1282_19,CONSUMO DO SILO,EXTERNO,30/08/2025,101.19666783216783
1282_19,CONSUMO DO SILO,EXTERNO,30/09/2025,179.42686363636363
1282_19,CONSUMO DO SILO,EXTERNO,31/08/2025,103.10562937062937
1282_19,CORRENTE ELÉTRICA,EXTERNO,01/09/2025,3.754316631380852
1282_19,CORRENTE ELÉTRICA,EXTERNO,01/10/2025,14.96530131826742
1282_19,CORRENTE ELÉTRICA,EXTERNO,02/09/2025,7.041237355916254
1282_19,CORRENTE ELÉTRICA,EXTERNO,03/09/2025,8.194540960451977
1282_19,CORRENTE ELÉTRICA,EXTERNO,04/09/2025,5.366800752764056
1282_19,CORRENTE ELÉTRICA,EXTERNO,05/09/2025,4.370472829922371
1282_19,CORRENTE ELÉTRICA,EXTERNO,06/09/2025,4.861012241054614
1282_19,CORRENTE ELÉTRICA,EXTERNO,07/09/2025,7.277838983050847
1282_19,CORRENTE ELÉTRICA,EXTERNO,08/09/2025,11.263669724770642
1282_19,CORRENTE ELÉTRICA,EXTERNO,09/09/2025,6.712226930320151
1282_19,CORRENTE ELÉTRICA,EXTERNO,10/09/2025,9.94111581920904
1282_19,CORRENTE ELÉTRICA,EXTERNO,11/09/2025,11.19465302281816
1282_19,CORRENTE ELÉTRICA,EXTERNO,12/09/2025,16.168540489642186
1282_19,CORRENTE ELÉTRICA,EXTERNO,13/09/2025,12.639249058380415
1282_19,CORRENTE ELÉTRICA,EXTERNO,14/09/2025,15.13196189131969
1282_19,CORRENTE ELÉTRICA,EXTERNO,15/09/2025,17.302970809792846
1282_19,CORRENTE ELÉTRICA,EXTERNO,16/09/2025,18.514194915254237
1282_19,CORRENTE ELÉTRICA,EXTERNO,17/09/2025,20.42031757233592
1282_19,CORRENTE ELÉTRICA,EXTERNO,18/09/2025,18.891263232180663
1282_19,CORRENTE ELÉTRICA,EXTERNO,19/08/2025,4.806080508474576
1282_19,CORRENTE ELÉTRICA,EXTERNO,19/09/2025,21.50771967020024
1282_19,CORRENTE ELÉTRICA,EXTERNO,20/08/2025,3.1808921845574387
1282_19,CORRENTE ELÉTRICA,EXTERNO,20/09/2025,21.822335216572505
1282_19,CORRENTE ELÉTRICA,EXTERNO,21/08/2025,3.5333827334744767
1282_19,CORRENTE ELÉTRICA,EXTERNO,21/09/2025,26.27422018348624
1282_19,CORRENTE ELÉTRICA,EXTERNO,22/08/2025,4.545480225988701
1282_19,CORRENTE ELÉTRICA,EXTERNO,22/09/2025,14.777219477769936
1282_19,CORRENTE ELÉTRICA,EXTERNO,23/08/2025,3.094623352165725
1282_19,CORRENTE ELÉTRICA,EXTERNO,23/09/2025,17.668206214689263
1282_19,CORRENTE ELÉTRICA,EXTERNO,24/08/2025,2.279320159962362
1282_19,CORRENTE ELÉTRICA,EXTERNO,24/09/2025,21.682523540489644
1282_19,CORRENTE ELÉTRICA,EXTERNO,25/08/2025,2.286471280602637
1282_19,CORRENTE ELÉTRICA,EXTERNO,25/09/2025,20.98461773700306
1282_19,CORRENTE ELÉTRICA,EXTERNO,26/08/2025,2.776318267419962
1282_19,CORRENTE ELÉTRICA,EXTERNO,26/09/2025,22.434178436911488
1282_19,CORRENTE ELÉTRICA,EXTERNO,27/08/2025,3.062707156308851
1282_19,CORRENTE ELÉTRICA,EXTERNO,27/09/2025,24.897208097928438
1282_19,CORRENTE ELÉTRICA,EXTERNO,28/08/2025,3.485685721006822
1282_19,CORRENTE ELÉTRICA,EXTERNO,28/09/2025,28.138673253352152
1282_19,CORRENTE ELÉTRICA,EXTERNO,29/08/2025,4.831435969868173
1282_19,CORRENTE ELÉTRICA,EXTERNO,29/09/2025,30.85007297551789
1282_19,CORRENTE ELÉTRICA,EXTERNO,30/08/2025,6.036525523406257
1282_19,CORRENTE ELÉTRICA,EXTERNO,30/09/2025,30.317767584097858
1282_19,CORRENTE ELÉTRICA,EXTERNO,31/08/2025,5.240374293785311
1282_19,DIFERENCIAL DE PRESSÃO,AVIÁRIO MEIO,01/09/2025,4.2889733840304185
1282_19,DIFERENCIAL DE PRESSÃO,AVIÁRIO MEIO,01/10/2025,8.912547528517111
1282_19,DIFERENCIAL DE PRESSÃO,AVIÁRIO MEIO,02/09/2025,11.777358490566037
1282_19,DIFERENCIAL DE PRESSÃO,AVIÁRIO MEIO,03/09/2025,14.290566037735848
1282_19,DIFERENCIAL DE PRESSÃO,AVIÁRIO MEIO,04/09/2025,9.181132075471698
1282_19,DIFERENCIAL DE PRESSÃO,AVIÁRIO MEIO,05/09/2025,9.893129770992367
1282_19,DIFERENCIAL DE PRESSÃO,AVIÁRIO MEIO,06/09/2025,11.653992395437262
1282_19,DIFERENCIAL DE PRESSÃO,AVIÁRIO MEIO,07/09/2025,18.938931297709924
1282_19,DIFERENCIAL DE PRESSÃO,AVIÁRIO MEIO,08/09/2025,25.559386973180075
1282_19,DIFERENCIAL DE PRESSÃO,AVIÁRIO MEIO,09/09/2025,24.723076923076924
1282_19,DIFERENCIAL DE PRESSÃO,AVIÁRIO MEIO,10/09/2025,24.698473282442748
1282_19,DIFERENCIAL DE PRESSÃO,AVIÁRIO MEIO,11/09/2025,26.872586872586872
1282_19,DIFERENCIAL DE PRESSÃO,AVIÁRIO MEIO,12/09/2025,28.221804511278197
1282_19,DIFERENCIAL DE PRESSÃO,AVIÁRIO MEIO,13/09/2025,27.026615969581748
1282_19,DIFERENCIAL DE PRESSÃO,AVIÁRIO MEIO,14/09/2025,28.513307984790874
1282_19,DIFERENCIAL DE PRESSÃO,AVIÁRIO MEIO,15/09/2025,28.981060606060606
1282_19,DIFERENCIAL DE PRESSÃO,AVIÁRIO MEIO,16/09/2025,28.3639846743295
1282_19,DIFERENCIAL DE PRESSÃO,AVIÁRIO MEIO,17/09/2025,29.714285714285715
1282_19,DIFERENCIAL DE PRESSÃO,AVIÁRIO MEIO,18/09/2025,29.00763358778626
1282_19,DIFERENCIAL DE PRESSÃO,AVIÁRIO MEIO,19/09/2025,29.05859375
1282_19,DIFERENCIAL DE PRESSÃO,AVIÁRIO MEIO,20/09/2025,23.093984962406015
1282_19,DIFERENCIAL DE PRESSÃO,AVIÁRIO MEIO,21/09/2025,32.13513513513514
1282_19,DIFERENCIAL DE PRESSÃO,AVIÁRIO MEIO,22/09/2025,25.48582995951417
1282_19,DIFERENCIAL DE PRESSÃO,AVIÁRIO MEIO,23/09/2025,25.704980842911876
1282_19,DIFERENCIAL DE PRESSÃO,AVIÁRIO MEIO,24/09/2025,16.5
1282_19,DIFERENCIAL DE PRESSÃO,AVIÁRIO MEIO,25/08/2025,6.878787878787879
1282_19,DIFERENCIAL DE PRESSÃO,AVIÁRIO MEIO,25/09/2025,29.7
1282_19,DIFERENCIAL DE PRESSÃO,AVIÁRIO MEIO,26/08/2025,5.642857142857143
1282_19,DIFERENCIAL DE PRESSÃO,AVIÁRIO MEIO,26/09/2025,32.24904214559387
1282_19,DIFERENCIAL DE PRESSÃO,AVIÁRIO MEIO,27/08/2025,4.882591093117409
1282_19,DIFERENCIAL DE PRESSÃO,AVIÁRIO MEIO,27/09/2025,35.154716981132076
1282_19,DIFERENCIAL DE PRESSÃO,AVIÁRIO MEIO,28/08/2025,3.950570342205323
1282_19,DIFERENCIAL DE PRESSÃO,AVIÁRIO MEIO,28/09/2025,33.177358490566036
1282_19,DIFERENCIAL DE PRESSÃO,AVIÁRIO MEIO,29/08/2025,5.645038167938932
1282_19,DIFERENCIAL DE PRESSÃO,AVIÁRIO MEIO,29/09/2025,34.88721804511278
1282_19,DIFERENCIAL DE PRESSÃO,AVIÁRIO MEIO,30/08/2025,9.651515151515152
1282_19,DIFERENCIAL DE PRESSÃO,AVIÁRIO MEIO,30/09/2025,35.62357414448669
1282_19,DIFERENCIAL DE PRESSÃO,AVIÁRIO MEIO,31/08/2025,7.544401544401544
1282_19,ENERGIA ELÉTRICA DO DIA,EXTERNO,01/09/2025,4.365342272406492
1282_19,ENERGIA ELÉTRICA DO DIA,EXTERNO,01/10/2025,24.43124529190207
1282_19,ENERGIA ELÉTRICA DO DIA,EXTERNO,02/09/2025,10.208612091272641
1282_19,ENERGIA ELÉTRICA DO DIA,EXTERNO,03/09/2025,16.42273305084746
1282_19,ENERGIA ELÉTRICA DO DIA,EXTERNO,04/09/2025,10.983577981651377
1282_19,ENERGIA ELÉTRICA DO DIA,EXTERNO,05/09/2025,10.56776758409786
1282_19,ENERGIA ELÉTRICA DO DIA,EXTERNO,06/09/2025,10.596967984934086
1282_19,ENERGIA ELÉTRICA DO DIA,EXTERNO,07/09/2025,17.981810263653482
1282_19,ENERGIA ELÉTRICA DO DIA,EXTERNO,08/09/2025,21.796692542931076
1282_19,ENERGIA ELÉTRICA DO DIA,EXTERNO,09/09/2025,15.464974105461396
1282_19,ENERGIA ELÉTRICA DO DIA,EXTERNO,10/09/2025,19.954623352165726
1282_19,ENERGIA ELÉTRICA DO DIA,EXTERNO,11/09/2025,24.085203481533757
1282_19,ENERGIA ELÉTRICA DO DIA,EXTERNO,12/09/2025,33.53052024482109
1282_19,ENERGIA ELÉTRICA DO DIA,EXTERNO,13/09/2025,27.604352636534838
1282_19,ENERGIA ELÉTRICA DO DIA,EXTERNO,14/09/2025,32.66155963302752
1282_19,ENERGIA ELÉTRICA DO DIA,EXTERNO,15/09/2025,36.34064736346516
1282_19,ENERGIA ELÉTRICA DO DIA,EXTERNO,16/09/2025,37.48181497175141
1282_19,ENERGIA ELÉTRICA DO DIA,EXTERNO,17/09/2025,40.70277111267937
1282_19,ENERGIA ELÉTRICA DO DIA,EXTERNO,18/09/2025,34.65297106563162
1282_19,ENERGIA ELÉTRICA DO DIA,EXTERNO,19/08/2025,12.751537193973634
1282_19,ENERGIA ELÉTRICA DO DIA,EXTERNO,19/09/2025,43.77864310954064
1282_19,ENERGIA ELÉTRICA DO DIA,EXTERNO,20/08/2025,7.882257532956686
1282_19,ENERGIA ELÉTRICA DO DIA,EXTERNO,20/09/2025,46.649771657250476
1282_19,ENERGIA ELÉTRICA DO DIA,EXTERNO,21/08/2025,8.31003999059045
1282_19,ENERGIA ELÉTRICA DO DIA,EXTERNO,21/09/2025,55.66289814161374
1282_19,ENERGIA ELÉTRICA DO DIA,EXTERNO,22/08/2025,10.644211393596986
1282_19,ENERGIA ELÉTRICA DO DIA,EXTERNO,22/09/2025,32.58361561985416
1282_19,ENERGIA ELÉTRICA DO DIA,EXTERNO,23/08/2025,7.404724576271186
1282_19,ENERGIA ELÉTRICA DO DIA,EXTERNO,23/09/2025,37.84623352165725
1282_19,ENERGIA ELÉTRICA DO DIA,EXTERNO,24/08/2025,5.621952481768995
1282_19,ENERGIA ELÉTRICA DO DIA,EXTERNO,24/09/2025,44.02105696798494
1282_19,ENERGIA ELÉTRICA DO DIA,EXTERNO,25/08/2025,5.645491996233521
1282_19,ENERGIA ELÉTRICA DO DIA,EXTERNO,25/09/2025,43.26233827334745
1282_19,ENERGIA ELÉTRICA DO DIA,EXTERNO,26/08/2025,6.485609698681732
1282_19,ENERGIA ELÉTRICA DO DIA,EXTERNO,26/09/2025,45.54631826741996
1282_19,ENERGIA ELÉTRICA DO DIA,EXTERNO,27/08/2025,3.676560734463277
1282_19,ENERGIA ELÉTRICA DO DIA,EXTERNO,27/09/2025,49.23804849340866
1282_19,ENERGIA ELÉTRICA DO DIA,EXTERNO,28/08/2025,7.609454246059751
1282_19,ENERGIA ELÉTRICA DO DIA,EXTERNO,28/09/2025,62.170905669254296
1282_19,ENERGIA ELÉTRICA DO DIA,EXTERNO,29/08/2025,9.642358757062146
1282_19,ENERGIA ELÉTRICA DO DIA,EXTERNO,29/09/2025,70.2123352165725
1282_19,ENERGIA ELÉTRICA DO DIA,EXTERNO,30/08/2025,11.043439190778642
1282_19,ENERGIA ELÉTRICA DO DIA,EXTERNO,30/09/2025,43.12337802869913
1282_19,ENERGIA ELÉTRICA DO DIA,EXTERNO,31/08/2025,11.69055790960452
1282_19,TEMPERATURA,AVIÁRIO FRENTE,01/09/2025,26.24169835234474
1282_19,TEMPERATURA,AVIÁRIO FRENTE,01/10/2025,22.49898605830165
1282_19,TEMPERATURA,AVIÁRIO FRENTE,02/09/2025,27.815220125786162
1282_19,TEMPERATURA,AVIÁRIO FRENTE,03/09/2025,27.93119496855346
1282_19,TEMPERATURA,AVIÁRIO FRENTE,04/09/2025,27.14188679245283
1282_19,TEMPERATURA,AVIÁRIO FRENTE,05/09/2025,23.395165394402035
1282_19,TEMPERATURA,AVIÁRIO FRENTE,06/09/2025,23.61001267427123
1282_19,TEMPERATURA,AVIÁRIO FRENTE,07/09/2025,24.942239185750633
1282_19,TEMPERATURA,AVIÁRIO FRENTE,08/09/2025,26.55287356321839
1282_19,TEMPERATURA,AVIÁRIO FRENTE,09/09/2025,24.888205128205126
1282_19,TEMPERATURA,AVIÁRIO FRENTE,10/09/2025,23.791730279898218
1282_19,TEMPERATURA,AVIÁRIO FRENTE,11/09/2025,24.44092664092664
1282_19,TEMPERATURA,AVIÁRIO FRENTE,12/09/2025,25.935714285714287
1282_19,TEMPERATURA,AVIÁRIO FRENTE,13/09/2025,25.14575411913815
1282_19,TEMPERATURA,AVIÁRIO FRENTE,14/09/2025,24.231558935361218
1282_19,TEMPERATURA,AVIÁRIO FRENTE,15/09/2025,24.714015151515152
1282_19,TEMPERATURA,AVIÁRIO FRENTE,16/09/2025,25.871136653895274
1282_19,TEMPERATURA,AVIÁRIO FRENTE,17/09/2025,26.231453634085213
1282_19,TEMPERATURA,AVIÁRIO FRENTE,18/09/2025,25.40992366412214
1282_19,TEMPERATURA,AVIÁRIO FRENTE,19/09/2025,25.102083333333336
1282_19,TEMPERATURA,AVIÁRIO FRENTE,20/09/2025,24.884461152882203
1282_19,TEMPERATURA,AVIÁRIO FRENTE,21/09/2025,25.487773487773488
1282_19,TEMPERATURA,AVIÁRIO FRENTE,22/09/2025,21.63157894736842
1282_19,TEMPERATURA,AVIÁRIO FRENTE,23/09/2025,20.23269476372925
1282_19,TEMPERATURA,AVIÁRIO FRENTE,24/09/2025,20.546825396825398
1282_19,TEMPERATURA,AVIÁRIO FRENTE,25/08/2025,27.291161616161613
1282_19,TEMPERATURA,AVIÁRIO FRENTE,25/09/2025,22.955714285714286
1282_19,TEMPERATURA,AVIÁRIO FRENTE,26/08/2025,27.126050420168067
1282_19,TEMPERATURA,AVIÁRIO FRENTE,26/09/2025,22.63869731800766
1282_19,TEMPERATURA,AVIÁRIO FRENTE,27/08/2025,27.369095816464238
1282_19,TEMPERATURA,AVIÁRIO FRENTE,27/09/2025,23.657735849056607
1282_19,TEMPERATURA,AVIÁRIO FRENTE,28/08/2025,27.169708491761725
1282_19,TEMPERATURA,AVIÁRIO FRENTE,28/09/2025,25.318490566037738
1282_19,TEMPERATURA,AVIÁRIO FRENTE,29/08/2025,27.660178117048346
1282_19,TEMPERATURA,AVIÁRIO FRENTE,29/09/2025,26.285213032581453
1282_19,TEMPERATURA,AVIÁRIO FRENTE,30/08/2025,27.87550505050505
1282_19,TEMPERATURA,AVIÁRIO FRENTE,30/09/2025,25.530925221799748
1282_19,TEMPERATURA,AVIÁRIO FRENTE,31/08/2025,27.34337194337194
1282_19,TEMPERATURA,AVIÁRIO FUNDO,01/09/2025,26.1319391634981
1282_19,TEMPERATURA,AVIÁRIO FUNDO,01/10/2025,23.416920152091254
1282_19,TEMPERATURA,AVIÁRIO FUNDO,02/09/2025,27.63075471698113
1282_19,TEMPERATURA,AVIÁRIO FUNDO,03/09/2025,27.928301886792454
1282_19,TEMPERATURA,AVIÁRIO FUNDO,04/09/2025,26.843773584905662
1282_19,TEMPERATURA,AVIÁRIO FUNDO,05/09/2025,23.445419847328242
1282_19,TEMPERATURA,AVIÁRIO FUNDO,06/09/2025,24.11615969581749
1282_19,TEMPERATURA,AVIÁRIO FUNDO,07/09/2025,25.54293893129771
1282_19,TEMPERATURA,AVIÁRIO FUNDO,08/09/2025,27.644444444444442
1282_19,TEMPERATURA,AVIÁRIO FUNDO,09/09/2025,25.907115384615388
1282_19,TEMPERATURA,AVIÁRIO FUNDO,10/09/2025,25.13129770992366
1282_19,TEMPERATURA,AVIÁRIO FUNDO,11/09/2025,25.814285714285713
1282_19,TEMPERATURA,AVIÁRIO FUNDO,12/09/2025,27.19172932330827
1282_19,TEMPERATURA,AVIÁRIO FUNDO,13/09/2025,26.18422053231939
1282_19,TEMPERATURA,AVIÁRIO FUNDO,14/09/2025,25.62281368821293
1282_19,TEMPERATURA,AVIÁRIO FUNDO,15/09/2025,26.01344696969697
1282_19,TEMPERATURA,AVIÁRIO FUNDO,16/09/2025,27.023946360153257
1282_19,TEMPERATURA,AVIÁRIO FUNDO,17/09/2025,27.678383458646614
1282_19,TEMPERATURA,AVIÁRIO FUNDO,18/09/2025,26.710496183206107
1282_19,TEMPERATURA,AVIÁRIO FUNDO,19/09/2025,26.4646484375
1282_19,TEMPERATURA,AVIÁRIO FUNDO,20/09/2025,26.82330827067669
1282_19,TEMPERATURA,AVIÁRIO FUNDO,21/09/2025,27.538223938223936
1282_19,TEMPERATURA,AVIÁRIO FUNDO,22/09/2025,23.97105263157895
1282_19,TEMPERATURA,AVIÁRIO FUNDO,23/09/2025,21.906513409961686
1282_19,TEMPERATURA,AVIÁRIO FUNDO,24/09/2025,22.872619047619047
1282_19,TEMPERATURA,AVIÁRIO FUNDO,25/08/2025,25.105681818181818
1282_19,TEMPERATURA,AVIÁRIO FUNDO,25/09/2025,25.09785714285714
1282_19,TEMPERATURA,AVIÁRIO FUNDO,26/08/2025,25.360504201680673
1282_19,TEMPERATURA,AVIÁRIO FUNDO,26/09/2025,24.532758620689656
1282_19,TEMPERATURA,AVIÁRIO FUNDO,27/08/2025,26.133400809716598
1282_19,TEMPERATURA,AVIÁRIO FUNDO,27/09/2025,25.443584905660376
1282_19,TEMPERATURA,AVIÁRIO FUNDO,28/08/2025,26.5254752851711
1282_19,TEMPERATURA,AVIÁRIO FUNDO,28/09/2025,26.01754716981132
1282_19,TEMPERATURA,AVIÁRIO FUNDO,29/08/2025,27.255534351145037
1282_19,TEMPERATURA,AVIÁRIO FUNDO,29/09/2025,26.138345864661655
1282_19,TEMPERATURA,AVIÁRIO FUNDO,30/08/2025,27.473484848484848
1282_19,TEMPERATURA,AVIÁRIO FUNDO,30/09/2025,24.803612167300383
1282_19,TEMPERATURA,AVIÁRIO FUNDO,31/08/2025,26.874710424710425
1282_19,TEMPERATURA,AVIÁRIO MEIO,01/09/2025,26.236311787072243
1282_19,TEMPERATURA,AVIÁRIO MEIO,01/10/2025,22.777756653992395
1282_19,TEMPERATURA,AVIÁRIO MEIO,02/09/2025,27.736792452830187
1282_19,TEMPERATURA,AVIÁRIO MEIO,03/09/2025,27.934905660377357
1282_19,TEMPERATURA,AVIÁRIO MEIO,04/09/2025,26.87188679245283
1282_19,TEMPERATURA,AVIÁRIO MEIO,05/09/2025,23.592938931297713
1282_19,TEMPERATURA,AVIÁRIO MEIO,06/09/2025,24.2351711026616
1282_19,TEMPERATURA,AVIÁRIO MEIO,07/09/2025,25.419274809160306
1282_19,TEMPERATURA,AVIÁRIO MEIO,08/09/2025,27.462068965517243
1282_19,TEMPERATURA,AVIÁRIO MEIO,09/09/2025,25.627499999999998
1282_19,TEMPERATURA,AVIÁRIO MEIO,10/09/2025,24.74713740458015
1282_19,TEMPERATURA,AVIÁRIO MEIO,11/09/2025,25.43861003861004
1282_19,TEMPERATURA,AVIÁRIO MEIO,12/09/2025,26.958646616541355
1282_19,TEMPERATURA,AVIÁRIO MEIO,13/09/2025,25.94980988593156
1282_19,TEMPERATURA,AVIÁRIO MEIO,14/09/2025,25.163307984790872
1282_19,TEMPERATURA,AVIÁRIO MEIO,15/09/2025,25.586742424242424
1282_19,TEMPERATURA,AVIÁRIO MEIO,16/09/2025,26.454980842911876
1282_19,TEMPERATURA,AVIÁRIO MEIO,17/09/2025,27.078383458646616
1282_19,TEMPERATURA,AVIÁRIO MEIO,18/09/2025,26.17557251908397
1282_19,TEMPERATURA,AVIÁRIO MEIO,19/09/2025,25.909375
1282_19,TEMPERATURA,AVIÁRIO MEIO,20/09/2025,26.005827067669173
1282_19,TEMPERATURA,AVIÁRIO MEIO,21/09/2025,26.837644787644788
1282_19,TEMPERATURA,AVIÁRIO MEIO,22/09/2025,23.22914979757085
1282_19,TEMPERATURA,AVIÁRIO MEIO,23/09/2025,21.350957854406133
1282_19,TEMPERATURA,AVIÁRIO MEIO,24/09/2025,22.098511904761907
1282_19,TEMPERATURA,AVIÁRIO MEIO,25/08/2025,26.13560606060606
1282_19,TEMPERATURA,AVIÁRIO MEIO,25/09/2025,24.40357142857143
1282_19,TEMPERATURA,AVIÁRIO MEIO,26/08/2025,26.28676470588235
1282_19,TEMPERATURA,AVIÁRIO MEIO,26/09/2025,23.880268199233715
1282_19,TEMPERATURA,AVIÁRIO MEIO,27/08/2025,27.011943319838057
1282_19,TEMPERATURA,AVIÁRIO MEIO,27/09/2025,24.624716981132075
1282_19,TEMPERATURA,AVIÁRIO MEIO,28/08/2025,27.256273764258555
1282_19,TEMPERATURA,AVIÁRIO MEIO,28/09/2025,25.248301886792454
1282_19,TEMPERATURA,AVIÁRIO MEIO,29/08/2025,27.780725190839696
1282_19,TEMPERATURA,AVIÁRIO MEIO,29/09/2025,25.416541353383458
1282_19,TEMPERATURA,AVIÁRIO MEIO,30/08/2025,27.77746212121212
1282_19,TEMPERATURA,AVIÁRIO MEIO,30/09/2025,24.0893536121673
1282_19,TEMPERATURA,AVIÁRIO MEIO,31/08/2025,27.127220077220077
1282_19,TEMPERATURA,EXTERNO,01/09/2025,20.08555133079848
1282_19,TEMPERATURA,EXTERNO,01/10/2025,22.60684410646388
1282_19,TEMPERATURA,EXTERNO,02/09/2025,24.818867924528302
1282_19,TEMPERATURA,EXTERNO,03/09/2025,26.275471698113208
1282_19,TEMPERATURA,EXTERNO,04/09/2025,23.27622641509434
1282_19,TEMPERATURA,EXTERNO,05/09/2025,16.242748091603055
1282_19,TEMPERATURA,EXTERNO,06/09/2025,18.66083650190114
1282_19,TEMPERATURA,EXTERNO,07/09/2025,20.14236641221374
1282_19,TEMPERATURA,EXTERNO,08/09/2025,25.303831417624522
1282_19,TEMPERATURA,EXTERNO,09/09/2025,22.48807692307692
1282_19,TEMPERATURA,EXTERNO,10/09/2025,21.94580152671756
1282_19,TEMPERATURA,EXTERNO,11/09/2025,23.873359073359072
1282_19,TEMPERATURA,EXTERNO,12/09/2025,26.878571428571426
1282_19,TEMPERATURA,EXTERNO,13/09/2025,23.088212927756654
1282_19,TEMPERATURA,EXTERNO,14/09/2025,23.15513307984791
1282_19,TEMPERATURA,EXTERNO,15/09/2025,24.35719696969697
1282_19,TEMPERATURA,EXTERNO,16/09/2025,26.037931034482757
1282_19,TEMPERATURA,EXTERNO,17/09/2025,27.594736842105263
1282_19,TEMPERATURA,EXTERNO,18/09/2025,25.630534351145037
1282_19,TEMPERATURA,EXTERNO,19/09/2025,26.879296875
1282_19,TEMPERATURA,EXTERNO,20/09/2025,28.148120300751877
1282_19,TEMPERATURA,EXTERNO,21/09/2025,29.96100386100386
1282_19,TEMPERATURA,EXTERNO,22/09/2025,20.753441295546562
1282_19,TEMPERATURA,EXTERNO,23/09/2025,19.75593869731801
1282_19,TEMPERATURA,EXTERNO,24/09/2025,22.10892857142857
1282_19,TEMPERATURA,EXTERNO,25/08/2025,14.76969696969697
1282_19,TEMPERATURA,EXTERNO,25/09/2025,22.771428571428572
1282_19,TEMPERATURA,EXTERNO,26/08/2025,16.145378151260505
1282_19,TEMPERATURA,EXTERNO,26/09/2025,22.16743295019157
1282_19,TEMPERATURA,EXTERNO,27/08/2025,18.823076923076925
1282_19,TEMPERATURA,EXTERNO,27/09/2025,24.25433962264151
1282_19,TEMPERATURA,EXTERNO,28/08/2025,20.93916349809886
1282_19,TEMPERATURA,EXTERNO,28/09/2025,25.653584905660377
1282_19,TEMPERATURA,EXTERNO,29/08/2025,22.5
1282_19,TEMPERATURA,EXTERNO,29/09/2025,26.36052631578947
1282_19,TEMPERATURA,EXTERNO,30/08/2025,23.688257575757575
1282_19,TEMPERATURA,EXTERNO,30/09/2025,22.606463878326995
1282_19,TEMPERATURA,EXTERNO,31/08/2025,22.775289575289577
1282_19,UMIDADE,AVIÁRIO MEIO,01/09/2025,6.665399239543726
1282_19,UMIDADE,AVIÁRIO MEIO,01/10/2025,8.482889733840304
1282_19,UMIDADE,AVIÁRIO MEIO,02/09/2025,6.279245283018868
1282_19,UMIDADE,AVIÁRIO MEIO,03/09/2025,5.943396226415095
1282_19,UMIDADE,AVIÁRIO MEIO,04/09/2025,6.305660377358491
1282_19,UMIDADE,AVIÁRIO MEIO,05/09/2025,7.030534351145038
1282_19,UMIDADE,AVIÁRIO MEIO,06/09/2025,6.863117870722434
1282_19,UMIDADE,AVIÁRIO MEIO,07/09/2025,6.824427480916031
1282_19,UMIDADE,AVIÁRIO MEIO,08/09/2025,6.528735632183908
1282_19,UMIDADE,AVIÁRIO MEIO,09/09/2025,6.742307692307692
1282_19,UMIDADE,AVIÁRIO MEIO,10/09/2025,5.709923664122138
1282_19,UMIDADE,AVIÁRIO MEIO,11/09/2025,5.486486486486487
1282_19,UMIDADE,AVIÁRIO MEIO,12/09/2025,5.533834586466165
1282_19,UMIDADE,AVIÁRIO MEIO,13/09/2025,5.8783269961977185
1282_19,UMIDADE,AVIÁRIO MEIO,14/09/2025,6.2091254752851714
1282_19,UMIDADE,AVIÁRIO MEIO,15/09/2025,6.321969696969697
1282_19,UMIDADE,AVIÁRIO MEIO,16/09/2025,6.7011494252873565
1282_19,UMIDADE,AVIÁRIO MEIO,17/09/2025,6.511278195488722
1282_19,UMIDADE,AVIÁRIO MEIO,18/09/2025,6.00763358778626
1282_19,UMIDADE,AVIÁRIO MEIO,19/09/2025,5.8671875
1282_19,UMIDADE,AVIÁRIO MEIO,20/09/2025,6.879699248120301
1282_19,UMIDADE,AVIÁRIO MEIO,21/09/2025,7.806949806949807
1282_19,UMIDADE,AVIÁRIO MEIO,22/09/2025,6.825910931174089
1282_19,UMIDADE,AVIÁRIO MEIO,23/09/2025,5.739463601532567
1282_19,UMIDADE,AVIÁRIO MEIO,24/09/2025,6.148809523809524
1282_19,UMIDADE,AVIÁRIO MEIO,25/08/2025,5.992424242424242
1282_19,UMIDADE,AVIÁRIO MEIO,25/09/2025,5.5
1282_19,UMIDADE,AVIÁRIO MEIO,26/08/2025,6.004201680672269
1282_19,UMIDADE,AVIÁRIO MEIO,26/09/2025,6.053639846743295
1282_19,UMIDADE,AVIÁRIO MEIO,27/08/2025,6.068825910931174
1282_19,UMIDADE,AVIÁRIO MEIO,27/09/2025,6.275471698113208
1282_19,UMIDADE,AVIÁRIO MEIO,28/08/2025,5.897338403041825
1282_19,UMIDADE,AVIÁRIO MEIO,28/09/2025,7.39622641509434
1282_19,UMIDADE,AVIÁRIO MEIO,29/08/2025,5.973282442748092
1282_19,UMIDADE,AVIÁRIO MEIO,29/09/2025,7.635338345864661
1282_19,UMIDADE,AVIÁRIO MEIO,30/08/2025,6.140151515151516
1282_19,UMIDADE,AVIÁRIO MEIO,30/09/2025,8.045627376425855
1282_19,UMIDADE,AVIÁRIO MEIO,31/08/2025,5.8108108108108105
1283_19,AMÔNIA,AVIÁRIO MEIO,01/09/2025,11.9140625
1283_19,AMÔNIA,AVIÁRIO MEIO,01/10/2025,4.897119341563786
1283_19,AMÔNIA,AVIÁRIO MEIO,02/09/2025,6.447368421052632
1283_19,AMÔNIA,AVIÁRIO MEIO,03/09/2025,4.734848484848484
1283_19,AMÔNIA,AVIÁRIO MEIO,04/09/2025,4.932075471698113
1283_19,AMÔNIA,AVIÁRIO MEIO,05/09/2025,7.583657587548638
1283_19,AMÔNIA,AVIÁRIO MEIO,06/09/2025,10.438931297709924
1283_19,AMÔNIA,AVIÁRIO MEIO,07/09/2025,9.700757575757576
1283_19,AMÔNIA,AVIÁRIO MEIO,08/09/2025,5.38403041825095
1283_19,AMÔNIA,AVIÁRIO MEIO,09/09/2025,8.354961832061068
1283_19,AMÔNIA,AVIÁRIO MEIO,10/09/2025,5.1477272727272725
1283_19,AMÔNIA,AVIÁRIO MEIO,11/09/2025,3.7192307692307693
1283_19,AMÔNIA,AVIÁRIO MEIO,12/09/2025,3.7030075187969924
1283_19,AMÔNIA,AVIÁRIO MEIO,13/09/2025,5.2846153846153845
1283_19,AMÔNIA,AVIÁRIO MEIO,14/09/2025,3.4732824427480917
1283_19,AMÔNIA,AVIÁRIO MEIO,15/09/2025,2.811320754716981
1283_19,AMÔNIA,AVIÁRIO MEIO,16/09/2025,3.0
1283_19,AMÔNIA,AVIÁRIO MEIO,17/09/2025,2.553030303030303
1283_19,AMÔNIA,AVIÁRIO MEIO,18/09/2025,2.3448275862068964
1283_19,AMÔNIA,AVIÁRIO MEIO,19/09/2025,1.874015748031496
1283_19,AMÔNIA,AVIÁRIO MEIO,20/09/2025,1.178030303030303
1283_19,AMÔNIA,AVIÁRIO MEIO,21/09/2025,1.0772200772200773
1283_19,AMÔNIA,AVIÁRIO MEIO,22/09/2025,2.4696356275303644
1283_19,AMÔNIA,AVIÁRIO MEIO,23/09/2025,2.772200772200772
1283_19,AMÔNIA,AVIÁRIO MEIO,24/09/2025,2.7823529411764705
1283_19,AMÔNIA,AVIÁRIO MEIO,25/08/2025,29.25581395348837
1283_19,AMÔNIA,AVIÁRIO MEIO,25/09/2025,1.542857142857143
1283_19,AMÔNIA,AVIÁRIO MEIO,26/08/2025,25.451882845188283
1283_19,AMÔNIA,AVIÁRIO MEIO,26/09/2025,1.6525096525096525
1283_19,AMÔNIA,AVIÁRIO MEIO,27/08/2025,19.959183673469386
1283_19,AMÔNIA,AVIÁRIO MEIO,27/09/2025,2.2547528517110265
1283_19,AMÔNIA,AVIÁRIO MEIO,28/08/2025,17.75665399239544
1283_19,AMÔNIA,AVIÁRIO MEIO,28/09/2025,2.2807692307692307
1283_19,AMÔNIA,AVIÁRIO MEIO,29/08/2025,14.334600760456274
1283_19,AMÔNIA,AVIÁRIO MEIO,29/09/2025,2.898496240601504
1283_19,AMÔNIA,AVIÁRIO MEIO,30/08/2025,10.75
1283_19,AMÔNIA,AVIÁRIO MEIO,30/09/2025,3.3840304182509504
1283_19,AMÔNIA,AVIÁRIO MEIO,31/08/2025,8.973180076628353
1283_19,CONSUMO DO SILO,EXTERNO,01/10/2025,5.316766784452296
1283_19,CONSUMO DO SILO,EXTERNO,10/09/2025,202.38047222222224
1283_19,CONSUMO DO SILO,EXTERNO,17/09/2025,42.723386363636365
1283_19,CONSUMO DO SILO,EXTERNO,18/09/2025,37.38626807760141
1283_19,CONSUMO DO SILO,EXTERNO,19/09/2025,34.35510350877193
1283_19,CONSUMO DO SILO,EXTERNO,20/09/2025,28.25815331010453
1283_19,CONSUMO DO SILO,EXTERNO,21/09/2025,26.53418661971831
1283_19,CONSUMO DO SILO,EXTERNO,22/09/2025,12.629085514834207
1283_19,CONSUMO DO SILO,EXTERNO,23/09/2025,121.7620777385159
1283_19,CONSUMO DO SILO,EXTERNO,24/09/2025,46.62390476190476
1283_19,CONSUMO DO SILO,EXTERNO,25/09/2025,20.318887521968367
1283_19,CONSUMO DO SILO,EXTERNO,26/09/2025,21.51538986013986
1283_19,CONSUMO DO SILO,EXTERNO,27/09/2025,21.697921847246892
1283_19,CONSUMO DO SILO,EXTERNO,28/09/2025,37.77348432055749
1283_19,CONSUMO DO SILO,EXTERNO,29/09/2025,21.413731578947367
1283_19,CONSUMO DO SILO,EXTERNO,30/09/2025,13.052858885017422
1283_19,CORRENTE ELÉTRICA,EXTERNO,01/09/2025,11.794814030131826
1283_19,CORRENTE ELÉTRICA,EXTERNO,01/10/2025,19.367029446407535
1283_19,CORRENTE ELÉTRICA,EXTERNO,02/09/2025,12.197450564971751
1283_19,CORRENTE ELÉTRICA,EXTERNO,03/09/2025,12.63282956685499
1283_19,CORRENTE ELÉTRICA,EXTERNO,04/09/2025,9.641959952885749
1283_19,CORRENTE ELÉTRICA,EXTERNO,05/09/2025,11.886138987043582
1283_19,CORRENTE ELÉTRICA,EXTERNO,06/09/2025,9.5040395480226
1283_19,CORRENTE ELÉTRICA,EXTERNO,07/09/2025,8.325160075329567
1283_19,CORRENTE ELÉTRICA,EXTERNO,08/09/2025,12.605873912020702
1283_19,CORRENTE ELÉTRICA,EXTERNO,09/09/2025,6.831822033898305
1283_19,CORRENTE ELÉTRICA,EXTERNO,10/09/2025,8.846459656551401
1283_19,CORRENTE ELÉTRICA,EXTERNO,11/09/2025,9.742418899858956
1283_19,CORRENTE ELÉTRICA,EXTERNO,12/09/2025,12.98142890772128
1283_19,CORRENTE ELÉTRICA,EXTERNO,13/09/2025,10.771333803810869
1283_19,CORRENTE ELÉTRICA,EXTERNO,14/09/2025,13.555477871939736
1283_19,CORRENTE ELÉTRICA,EXTERNO,15/09/2025,14.56950835097624
1283_19,CORRENTE ELÉTRICA,EXTERNO,16/09/2025,12.38171845574388
1283_19,CORRENTE ELÉTRICA,EXTERNO,17/09/2025,13.381604328393319
1283_19,CORRENTE ELÉTRICA,EXTERNO,18/09/2025,12.717953422724063
1283_19,CORRENTE ELÉTRICA,EXTERNO,19/08/2025,4.6500775740479545
1283_19,CORRENTE ELÉTRICA,EXTERNO,19/09/2025,13.847422850412249
1283_19,CORRENTE ELÉTRICA,EXTERNO,20/08/2025,8.903662900188325
1283_19,CORRENTE ELÉTRICA,EXTERNO,20/09/2025,14.86632768361582
1283_19,CORRENTE ELÉTRICA,EXTERNO,21/08/2025,13.366466572504708
1283_19,CORRENTE ELÉTRICA,EXTERNO,21/09/2025,17.449726737338043
1283_19,CORRENTE ELÉTRICA,EXTERNO,22/08/2025,9.059073159256647
1283_19,CORRENTE ELÉTRICA,EXTERNO,22/09/2025,9.696991525423728
1283_19,CORRENTE ELÉTRICA,EXTERNO,23/08/2025,9.188762644083745
1283_19,CORRENTE ELÉTRICA,EXTERNO,23/09/2025,12.328148670900964
1283_19,CORRENTE ELÉTRICA,EXTERNO,24/08/2025,7.271186440677966
1283_19,CORRENTE ELÉTRICA,EXTERNO,24/09/2025,15.196504351917195
1283_19,CORRENTE ELÉTRICA,EXTERNO,25/08/2025,7.657662429378531
1283_19,CORRENTE ELÉTRICA,EXTERNO,25/09/2025,14.103578154425612
1283_19,CORRENTE ELÉTRICA,EXTERNO,26/08/2025,8.06747824041402
1283_19,CORRENTE ELÉTRICA,EXTERNO,26/09/2025,15.043857915784521
1283_19,CORRENTE ELÉTRICA,EXTERNO,27/08/2025,8.967655367231638
1283_19,CORRENTE ELÉTRICA,EXTERNO,27/09/2025,17.924890613973183
1283_19,CORRENTE ELÉTRICA,EXTERNO,28/08/2025,10.352128910844508
1283_19,CORRENTE ELÉTRICA,EXTERNO,28/09/2025,19.3305131826742
1283_19,CORRENTE ELÉTRICA,EXTERNO,29/08/2025,10.140324858757062
1283_19,CORRENTE ELÉTRICA,EXTERNO,29/09/2025,20.646598447424136
1283_19,CORRENTE ELÉTRICA,EXTERNO,30/08/2025,11.724703389830509
1283_19,CORRENTE ELÉTRICA,EXTERNO,30/09/2025,18.339623352165724
1283_19,CORRENTE ELÉTRICA,EXTERNO,31/08/2025,11.98248882615855
1283_19,DIFERENCIAL DE PRESSÃO,AVIÁRIO MEIO,01/09/2025,8.66015625
1283_19,DIFERENCIAL DE PRESSÃO,AVIÁRIO MEIO,01/10/2025,21.679012345679013
1283_19,DIFERENCIAL DE PRESSÃO,AVIÁRIO MEIO,02/09/2025,19.026315789473685
1283_19,DIFERENCIAL DE PRESSÃO,AVIÁRIO MEIO,03/09/2025,20.553030303030305
1283_19,DIFERENCIAL DE PRESSÃO,AVIÁRIO MEIO,04/09/2025,16.671698113207547
1283_19,DIFERENCIAL DE PRESSÃO,AVIÁRIO MEIO,05/09/2025,9.085603112840467
1283_19,DIFERENCIAL DE PRESSÃO,AVIÁRIO MEIO,06/09/2025,13.69083969465649
1283_19,DIFERENCIAL DE PRESSÃO,AVIÁRIO MEIO,07/09/2025,19.022727272727273
1283_19,DIFERENCIAL DE PRESSÃO,AVIÁRIO MEIO,08/09/2025,26.29657794676806
1283_19,DIFERENCIAL DE PRESSÃO,AVIÁRIO MEIO,09/09/2025,25.14503816793893
1283_19,DIFERENCIAL DE PRESSÃO,AVIÁRIO MEIO,10/09/2025,26.193181818181817
1283_19,DIFERENCIAL DE PRESSÃO,AVIÁRIO MEIO,11/09/2025,26.53076923076923
1283_19,DIFERENCIAL DE PRESSÃO,AVIÁRIO MEIO,12/09/2025,26.654135338345863
1283_19,DIFERENCIAL DE PRESSÃO,AVIÁRIO MEIO,13/09/2025,27.303846153846155
1283_19,DIFERENCIAL DE PRESSÃO,AVIÁRIO MEIO,14/09/2025,28.022900763358777
1283_19,DIFERENCIAL DE PRESSÃO,AVIÁRIO MEIO,15/09/2025,28.430188679245283
1283_19,DIFERENCIAL DE PRESSÃO,AVIÁRIO MEIO,16/09/2025,27.31906614785992
1283_19,DIFERENCIAL DE PRESSÃO,AVIÁRIO MEIO,17/09/2025,28.049242424242426
1283_19,DIFERENCIAL DE PRESSÃO,AVIÁRIO MEIO,18/09/2025,28.444444444444443
1283_19,DIFERENCIAL DE PRESSÃO,AVIÁRIO MEIO,19/09/2025,29.346456692913385
1283_19,DIFERENCIAL DE PRESSÃO,AVIÁRIO MEIO,20/09/2025,31.333333333333332
1283_19,DIFERENCIAL DE PRESSÃO,AVIÁRIO MEIO,21/09/2025,29.003861003861005
1283_19,DIFERENCIAL DE PRESSÃO,AVIÁRIO MEIO,22/09/2025,27.31578947368421
1283_19,DIFERENCIAL DE PRESSÃO,AVIÁRIO MEIO,23/09/2025,29.123552123552123
1283_19,DIFERENCIAL DE PRESSÃO,AVIÁRIO MEIO,24/09/2025,30.476470588235294
1283_19,DIFERENCIAL DE PRESSÃO,AVIÁRIO MEIO,25/08/2025,2.868217054263566
1283_19,DIFERENCIAL DE PRESSÃO,AVIÁRIO MEIO,25/09/2025,23.314285714285713
1283_19,DIFERENCIAL DE PRESSÃO,AVIÁRIO MEIO,26/08/2025,3.558333333333333
1283_19,DIFERENCIAL DE PRESSÃO,AVIÁRIO MEIO,26/09/2025,25.227799227799228
1283_19,DIFERENCIAL DE PRESSÃO,AVIÁRIO MEIO,27/08/2025,10.204081632653061
1283_19,DIFERENCIAL DE PRESSÃO,AVIÁRIO MEIO,27/09/2025,34.866920152091254
1283_19,DIFERENCIAL DE PRESSÃO,AVIÁRIO MEIO,28/08/2025,10.47148288973384
1283_19,DIFERENCIAL DE PRESSÃO,AVIÁRIO MEIO,28/09/2025,33.60769230769231
1283_19,DIFERENCIAL DE PRESSÃO,AVIÁRIO MEIO,29/08/2025,13.73384030418251
1283_19,DIFERENCIAL DE PRESSÃO,AVIÁRIO MEIO,29/09/2025,35.090225563909776
1283_19,DIFERENCIAL DE PRESSÃO,AVIÁRIO MEIO,30/08/2025,13.068181818181818
1283_19,DIFERENCIAL DE PRESSÃO,AVIÁRIO MEIO,30/09/2025,30.779467680608366
1283_19,DIFERENCIAL DE PRESSÃO,AVIÁRIO MEIO,31/08/2025,14.28735632183908
1283_19,ENERGIA ELÉTRICA DO DIA,EXTERNO,01/09/2025,20.943429849340866
1283_19,ENERGIA ELÉTRICA DO DIA,EXTERNO,01/10/2025,40.93974322732626
1283_19,ENERGIA ELÉTRICA DO DIA,EXTERNO,02/09/2025,29.485833333333336
1283_19,ENERGIA ELÉTRICA DO DIA,EXTERNO,03/09/2025,30.06150188323917
1283_19,ENERGIA ELÉTRICA DO DIA,EXTERNO,04/09/2025,25.56228268551237
1283_19,ENERGIA ELÉTRICA DO DIA,EXTERNO,05/09/2025,29.08286454652532
1283_19,ENERGIA ELÉTRICA DO DIA,EXTERNO,06/09/2025,25.14266007532957
1283_19,ENERGIA ELÉTRICA DO DIA,EXTERNO,07/09/2025,22.660722693032014
1283_19,ENERGIA ELÉTRICA DO DIA,EXTERNO,08/09/2025,29.416297341801926
1283_19,ENERGIA ELÉTRICA DO DIA,EXTERNO,09/09/2025,15.948575800376648
1283_19,ENERGIA ELÉTRICA DO DIA,EXTERNO,10/09/2025,14.416767819336627
1283_19,ENERGIA ELÉTRICA DO DIA,EXTERNO,11/09/2025,17.583810531264692
1283_19,ENERGIA ELÉTRICA DO DIA,EXTERNO,12/09/2025,27.644835216572503
1283_19,ENERGIA ELÉTRICA DO DIA,EXTERNO,13/09/2025,21.7778616796048
1283_19,ENERGIA ELÉTRICA DO DIA,EXTERNO,14/09/2025,29.237577683615818
1283_19,ENERGIA ELÉTRICA DO DIA,EXTERNO,15/09/2025,28.080319924723597
1283_19,ENERGIA ELÉTRICA DO DIA,EXTERNO,16/09/2025,23.046031073446326
1283_19,ENERGIA ELÉTRICA DO DIA,EXTERNO,17/09/2025,28.328372147729947
1283_19,ENERGIA ELÉTRICA DO DIA,EXTERNO,18/09/2025,24.02702422959304
1283_19,ENERGIA ELÉTRICA DO DIA,EXTERNO,19/08/2025,6.423742360131641
1283_19,ENERGIA ELÉTRICA DO DIA,EXTERNO,19/09/2025,27.26157126030624
1283_19,ENERGIA ELÉTRICA DO DIA,EXTERNO,20/08/2025,13.935685028248587
1283_19,ENERGIA ELÉTRICA DO DIA,EXTERNO,20/09/2025,33.1326577212806
1283_19,ENERGIA ELÉTRICA DO DIA,EXTERNO,21/08/2025,16.584159604519773
1283_19,ENERGIA ELÉTRICA DO DIA,EXTERNO,21/09/2025,36.327305064782095
1283_19,ENERGIA ELÉTRICA DO DIA,EXTERNO,22/08/2025,12.518852034815337
1283_19,ENERGIA ELÉTRICA DO DIA,EXTERNO,22/09/2025,23.16629001883239
1283_19,ENERGIA ELÉTRICA DO DIA,EXTERNO,23/08/2025,23.29196894848271
1283_19,ENERGIA ELÉTRICA DO DIA,EXTERNO,23/09/2025,21.511479651846624
1283_19,ENERGIA ELÉTRICA DO DIA,EXTERNO,24/08/2025,17.76412429378531
1283_19,ENERGIA ELÉTRICA DO DIA,EXTERNO,24/09/2025,31.23755351681957
1283_19,ENERGIA ELÉTRICA DO DIA,EXTERNO,25/08/2025,12.663399246704332
1283_19,ENERGIA ELÉTRICA DO DIA,EXTERNO,25/09/2025,29.283137947269303
1283_19,ENERGIA ELÉTRICA DO DIA,EXTERNO,26/08/2025,10.667602916960716
1283_19,ENERGIA ELÉTRICA DO DIA,EXTERNO,26/09/2025,27.73570454010821
1283_19,ENERGIA ELÉTRICA DO DIA,EXTERNO,27/08/2025,20.62295668549906
1283_19,ENERGIA ELÉTRICA DO DIA,EXTERNO,27/09/2025,22.525459891790167
1283_19,ENERGIA ELÉTRICA DO DIA,EXTERNO,28/08/2025,26.279214302517055
1283_19,ENERGIA ELÉTRICA DO DIA,EXTERNO,28/09/2025,42.62884416195857
1283_19,ENERGIA ELÉTRICA DO DIA,EXTERNO,29/08/2025,23.7033356873823
1283_19,ENERGIA ELÉTRICA DO DIA,EXTERNO,29/09/2025,46.8585179957657
1283_19,ENERGIA ELÉTRICA DO DIA,EXTERNO,30/08/2025,27.241089924670433
1283_19,ENERGIA ELÉTRICA DO DIA,EXTERNO,30/09/2025,24.11814971751412
1283_19,ENERGIA ELÉTRICA DO DIA,EXTERNO,31/08/2025,29.503498000470476
1283_19,TEMPERATURA,AVIÁRIO FRENTE,01/09/2025,26.455338541666666
1283_19,TEMPERATURA,AVIÁRIO FRENTE,01/10/2025,25.39026063100137
1283_19,TEMPERATURA,AVIÁRIO FRENTE,02/09/2025,27.17957393483709
1283_19,TEMPERATURA,AVIÁRIO FRENTE,03/09/2025,27.227651515151514
1283_19,TEMPERATURA,AVIÁRIO FRENTE,04/09/2025,26.286289308176098
1283_19,TEMPERATURA,AVIÁRIO FRENTE,05/09/2025,23.89961089494163
1283_19,TEMPERATURA,AVIÁRIO FRENTE,06/09/2025,24.37099236641221
1283_19,TEMPERATURA,AVIÁRIO FRENTE,07/09/2025,25.396590909090907
1283_19,TEMPERATURA,AVIÁRIO FRENTE,08/09/2025,26.631432192648923
1283_19,TEMPERATURA,AVIÁRIO FRENTE,09/09/2025,25.180152671755724
1283_19,TEMPERATURA,AVIÁRIO FRENTE,10/09/2025,24.006944444444443
1283_19,TEMPERATURA,AVIÁRIO FRENTE,11/09/2025,24.708717948717947
1283_19,TEMPERATURA,AVIÁRIO FRENTE,12/09/2025,25.946491228070176
1283_19,TEMPERATURA,AVIÁRIO FRENTE,13/09/2025,25.59102564102564
1283_19,TEMPERATURA,AVIÁRIO FRENTE,14/09/2025,25.04058524173028
1283_19,TEMPERATURA,AVIÁRIO FRENTE,15/09/2025,25.59433962264151
1283_19,TEMPERATURA,AVIÁRIO FRENTE,16/09/2025,26.56601815823606
1283_19,TEMPERATURA,AVIÁRIO FRENTE,17/09/2025,26.71957070707071
1283_19,TEMPERATURA,AVIÁRIO FRENTE,18/09/2025,26.153128991060026
1283_19,TEMPERATURA,AVIÁRIO FRENTE,19/09/2025,26.10839895013123
1283_19,TEMPERATURA,AVIÁRIO FRENTE,20/09/2025,26.53560606060606
1283_19,TEMPERATURA,AVIÁRIO FRENTE,21/09/2025,27.51673101673102
1283_19,TEMPERATURA,AVIÁRIO FRENTE,22/09/2025,23.837246963562755
1283_19,TEMPERATURA,AVIÁRIO FRENTE,23/09/2025,23.080566280566277
1283_19,TEMPERATURA,AVIÁRIO FRENTE,24/09/2025,23.872549019607842
1283_19,TEMPERATURA,AVIÁRIO FRENTE,25/08/2025,27.36201550387597
1283_19,TEMPERATURA,AVIÁRIO FRENTE,25/09/2025,23.952380952380953
1283_19,TEMPERATURA,AVIÁRIO FRENTE,26/08/2025,27.17763888888889
1283_19,TEMPERATURA,AVIÁRIO FRENTE,26/09/2025,24.08314028314028
1283_19,TEMPERATURA,AVIÁRIO FRENTE,27/08/2025,27.57768707482993
1283_19,TEMPERATURA,AVIÁRIO FRENTE,27/09/2025,25.862103929024084
1283_19,TEMPERATURA,AVIÁRIO FRENTE,28/08/2025,27.292015209125477
1283_19,TEMPERATURA,AVIÁRIO FRENTE,28/09/2025,26.678076923076926
1283_19,TEMPERATURA,AVIÁRIO FRENTE,29/08/2025,27.745880861850445
1283_19,TEMPERATURA,AVIÁRIO FRENTE,29/09/2025,27.10827067669173
1283_19,TEMPERATURA,AVIÁRIO FRENTE,30/08/2025,27.86098484848485
1283_19,TEMPERATURA,AVIÁRIO FRENTE,30/09/2025,25.73916349809886
1283_19,TEMPERATURA,AVIÁRIO FRENTE,31/08/2025,27.21558109833972
1283_19,TEMPERATURA,AVIÁRIO FUNDO,01/09/2025,26.570703125
1283_19,TEMPERATURA,AVIÁRIO FUNDO,01/10/2025,24.61152263374486
1283_19,TEMPERATURA,AVIÁRIO FUNDO,02/09/2025,27.53796992481203
1283_19,TEMPERATURA,AVIÁRIO FUNDO,03/09/2025,27.850757575757576
1283_19,TEMPERATURA,AVIÁRIO FUNDO,04/09/2025,26.741509433962264
1283_19,TEMPERATURA,AVIÁRIO FUNDO,05/09/2025,24.147859922178988
1283_19,TEMPERATURA,AVIÁRIO FUNDO,06/09/2025,24.486259541984733
1283_19,TEMPERATURA,AVIÁRIO FUNDO,07/09/2025,25.511363636363637
1283_19,TEMPERATURA,AVIÁRIO FUNDO,08/09/2025,27.634980988593156
1283_19,TEMPERATURA,AVIÁRIO FUNDO,09/09/2025,26.234732824427482
1283_19,TEMPERATURA,AVIÁRIO FUNDO,10/09/2025,24.979924242424243
1283_19,TEMPERATURA,AVIÁRIO FUNDO,11/09/2025,25.676923076923078
1283_19,TEMPERATURA,AVIÁRIO FUNDO,12/09/2025,26.582706766917294
1283_19,TEMPERATURA,AVIÁRIO FUNDO,13/09/2025,26.08269230769231
1283_19,TEMPERATURA,AVIÁRIO FUNDO,14/09/2025,25.47824427480916
1283_19,TEMPERATURA,AVIÁRIO FUNDO,15/09/2025,25.946415094339624
1283_19,TEMPERATURA,AVIÁRIO FUNDO,16/09/2025,26.812451361867705
1283_19,TEMPERATURA,AVIÁRIO FUNDO,17/09/2025,27.482954545454547
1283_19,TEMPERATURA,AVIÁRIO FUNDO,18/09/2025,26.75823754789272
1283_19,TEMPERATURA,AVIÁRIO FUNDO,19/09/2025,26.446456692913383
1283_19,TEMPERATURA,AVIÁRIO FUNDO,20/09/2025,27.159469696969698
1283_19,TEMPERATURA,AVIÁRIO FUNDO,21/09/2025,27.37837837837838
1283_19,TEMPERATURA,AVIÁRIO FUNDO,22/09/2025,23.805263157894736
1283_19,TEMPERATURA,AVIÁRIO FUNDO,23/09/2025,21.806177606177606
1283_19,TEMPERATURA,AVIÁRIO FUNDO,24/09/2025,23.11058823529412
1283_19,TEMPERATURA,AVIÁRIO FUNDO,25/08/2025,23.237984496124028
1283_19,TEMPERATURA,AVIÁRIO FUNDO,25/09/2025,24.645714285714288
1283_19,TEMPERATURA,AVIÁRIO FUNDO,26/08/2025,24.986666666666668
1283_19,TEMPERATURA,AVIÁRIO FUNDO,26/09/2025,24.244015444015442
1283_19,TEMPERATURA,AVIÁRIO FUNDO,27/08/2025,26.654285714285717
1283_19,TEMPERATURA,AVIÁRIO FUNDO,27/09/2025,25.28174904942966
1283_19,TEMPERATURA,AVIÁRIO FUNDO,28/08/2025,27.03764258555133
1283_19,TEMPERATURA,AVIÁRIO FUNDO,28/09/2025,25.910769230769233
1283_19,TEMPERATURA,AVIÁRIO FUNDO,29/08/2025,27.59315589353612
1283_19,TEMPERATURA,AVIÁRIO FUNDO,29/09/2025,26.129323308270674
1283_19,TEMPERATURA,AVIÁRIO FUNDO,30/08/2025,27.632575757575758
1283_19,TEMPERATURA,AVIÁRIO FUNDO,30/09/2025,24.63536121673004
1283_19,TEMPERATURA,AVIÁRIO FUNDO,31/08/2025,27.01379310344828
1283_19,TEMPERATURA,AVIÁRIO MEIO,01/09/2025,26.4259765625
1283_19,TEMPERATURA,AVIÁRIO MEIO,01/10/2025,23.532921810699587
1283_19,TEMPERATURA,AVIÁRIO MEIO,02/09/2025,27.575563909774438
1283_19,TEMPERATURA,AVIÁRIO MEIO,03/09/2025,27.872348484848487
1283_19,TEMPERATURA,AVIÁRIO MEIO,04/09/2025,26.503018867924528
1283_19,TEMPERATURA,AVIÁRIO MEIO,05/09/2025,23.885603112840467
1283_19,TEMPERATURA,AVIÁRIO MEIO,06/09/2025,24.289503816793893
1283_19,TEMPERATURA,AVIÁRIO MEIO,07/09/2025,25.342992424242425
1283_19,TEMPERATURA,AVIÁRIO MEIO,08/09/2025,27.42376425855513
1283_19,TEMPERATURA,AVIÁRIO MEIO,09/09/2025,25.73358778625954
1283_19,TEMPERATURA,AVIÁRIO MEIO,10/09/2025,24.693749999999998
1283_19,TEMPERATURA,AVIÁRIO MEIO,11/09/2025,25.443076923076923
1283_19,TEMPERATURA,AVIÁRIO MEIO,12/09/2025,26.5953007518797
1283_19,TEMPERATURA,AVIÁRIO MEIO,13/09/2025,25.9375
1283_19,TEMPERATURA,AVIÁRIO MEIO,14/09/2025,25.289312977099236
1283_19,TEMPERATURA,AVIÁRIO MEIO,15/09/2025,25.56754716981132
1283_19,TEMPERATURA,AVIÁRIO MEIO,16/09/2025,26.364980544747084
1283_19,TEMPERATURA,AVIÁRIO MEIO,17/09/2025,26.986174242424244
1283_19,TEMPERATURA,AVIÁRIO MEIO,18/09/2025,26.247892720306513
1283_19,TEMPERATURA,AVIÁRIO MEIO,19/09/2025,25.971653543307088
1283_19,TEMPERATURA,AVIÁRIO MEIO,20/09/2025,26.419507575757574
1283_19,TEMPERATURA,AVIÁRIO MEIO,21/09/2025,26.78957528957529
1283_19,TEMPERATURA,AVIÁRIO MEIO,22/09/2025,23.018218623481783
1283_19,TEMPERATURA,AVIÁRIO MEIO,23/09/2025,21.476061776061776
1283_19,TEMPERATURA,AVIÁRIO MEIO,24/09/2025,22.788235294117648
1283_19,TEMPERATURA,AVIÁRIO MEIO,25/08/2025,26.0984496124031
1283_19,TEMPERATURA,AVIÁRIO MEIO,25/09/2025,24.09
1283_19,TEMPERATURA,AVIÁRIO MEIO,26/08/2025,26.711458333333333
1283_19,TEMPERATURA,AVIÁRIO MEIO,26/09/2025,23.5530888030888
1283_19,TEMPERATURA,AVIÁRIO MEIO,27/08/2025,27.260204081632654
1283_19,TEMPERATURA,AVIÁRIO MEIO,27/09/2025,24.699049429657798
1283_19,TEMPERATURA,AVIÁRIO MEIO,28/08/2025,27.231939163498097
1283_19,TEMPERATURA,AVIÁRIO MEIO,28/09/2025,25.289807692307694
1283_19,TEMPERATURA,AVIÁRIO MEIO,29/08/2025,27.633650190114068
1283_19,TEMPERATURA,AVIÁRIO MEIO,29/09/2025,25.607706766917293
1283_19,TEMPERATURA,AVIÁRIO MEIO,30/08/2025,27.63901515151515
1283_19,TEMPERATURA,AVIÁRIO MEIO,30/09/2025,23.89448669201521
1283_19,TEMPERATURA,AVIÁRIO MEIO,31/08/2025,27.00249042145594
1283_19,TEMPERATURA,EXTERNO,01/09/2025,20.526171875
1283_19,TEMPERATURA,EXTERNO,01/10/2025,22.286008230452676
1283_19,TEMPERATURA,EXTERNO,02/09/2025,25.239473684210527
1283_19,TEMPERATURA,EXTERNO,03/09/2025,26.73787878787879
1283_19,TEMPERATURA,EXTERNO,04/09/2025,23.30943396226415
1283_19,TEMPERATURA,EXTERNO,05/09/2025,16.115175097276268
1283_19,TEMPERATURA,EXTERNO,06/09/2025,17.72480916030534
1283_19,TEMPERATURA,EXTERNO,07/09/2025,20.659848484848485
1283_19,TEMPERATURA,EXTERNO,08/09/2025,25.458935361216728
1283_19,TEMPERATURA,EXTERNO,09/09/2025,22.413358778625955
1283_19,TEMPERATURA,EXTERNO,10/09/2025,22.4594696969697
1283_19,TEMPERATURA,EXTERNO,11/09/2025,23.51269230769231
1283_19,TEMPERATURA,EXTERNO,12/09/2025,27.606766917293232
1283_19,TEMPERATURA,EXTERNO,13/09/2025,24.075
1283_19,TEMPERATURA,EXTERNO,14/09/2025,24.08969465648855
1283_19,TEMPERATURA,EXTERNO,15/09/2025,24.92
1283_19,TEMPERATURA,EXTERNO,16/09/2025,26.67509727626459
1283_19,TEMPERATURA,EXTERNO,17/09/2025,27.850757575757576
1283_19,TEMPERATURA,EXTERNO,18/09/2025,26.664367816091954
1283_19,TEMPERATURA,EXTERNO,19/09/2025,27.304330708661418
1283_19,TEMPERATURA,EXTERNO,20/09/2025,28.09431818181818
1283_19,TEMPERATURA,EXTERNO,21/09/2025,29.535907335907336
1283_19,TEMPERATURA,EXTERNO,22/09/2025,21.5417004048583
1283_19,TEMPERATURA,EXTERNO,23/09/2025,20.664092664092664
1283_19,TEMPERATURA,EXTERNO,24/09/2025,23.428823529411765
1283_19,TEMPERATURA,EXTERNO,25/08/2025,13.582170542635659
1283_19,TEMPERATURA,EXTERNO,25/09/2025,24.59857142857143
1283_19,TEMPERATURA,EXTERNO,26/08/2025,16.537916666666668
1283_19,TEMPERATURA,EXTERNO,26/09/2025,23.154826254826258
1283_19,TEMPERATURA,EXTERNO,27/08/2025,20.271020408163263
1283_19,TEMPERATURA,EXTERNO,27/09/2025,24.96083650190114
1283_19,TEMPERATURA,EXTERNO,28/08/2025,21.239163498098858
1283_19,TEMPERATURA,EXTERNO,28/09/2025,25.74230769230769
1283_19,TEMPERATURA,EXTERNO,29/08/2025,23.18859315589354
1283_19,TEMPERATURA,EXTERNO,29/09/2025,26.503383458646613
1283_19,TEMPERATURA,EXTERNO,30/08/2025,24.488257575757576
1283_19,TEMPERATURA,EXTERNO,30/09/2025,23.075285171102664
1283_19,TEMPERATURA,EXTERNO,31/08/2025,23.069348659003833
1283_19,UMIDADE,AVIÁRIO MEIO,01/09/2025,6.58984375
1283_19,UMIDADE,AVIÁRIO MEIO,01/10/2025,7.934156378600823
1283_19,UMIDADE,AVIÁRIO MEIO,02/09/2025,6.142857142857143
1283_19,UMIDADE,AVIÁRIO MEIO,03/09/2025,5.534090909090909
1283_19,UMIDADE,AVIÁRIO MEIO,04/09/2025,6.0150943396226415
1283_19,UMIDADE,AVIÁRIO MEIO,05/09/2025,6.953307392996109
1283_19,UMIDADE,AVIÁRIO MEIO,06/09/2025,6.194656488549619
1283_19,UMIDADE,AVIÁRIO MEIO,07/09/2025,6.541666666666667
1283_19,UMIDADE,AVIÁRIO MEIO,08/09/2025,6.300380228136882
1283_19,UMIDADE,AVIÁRIO MEIO,09/09/2025,6.4541984732824424
1283_19,UMIDADE,AVIÁRIO MEIO,10/09/2025,5.268939393939394
1283_19,UMIDADE,AVIÁRIO MEIO,11/09/2025,5.130769230769231
1283_19,UMIDADE,AVIÁRIO MEIO,12/09/2025,5.285714285714286
1283_19,UMIDADE,AVIÁRIO MEIO,13/09/2025,5.730769230769231
1283_19,UMIDADE,AVIÁRIO MEIO,14/09/2025,5.8320610687022905
1283_19,UMIDADE,AVIÁRIO MEIO,15/09/2025,6.1169811320754715
1283_19,UMIDADE,AVIÁRIO MEIO,16/09/2025,6.291828793774319
1283_19,UMIDADE,AVIÁRIO MEIO,17/09/2025,6.087121212121212
1283_19,UMIDADE,AVIÁRIO MEIO,18/09/2025,5.532567049808429
1283_19,UMIDADE,AVIÁRIO MEIO,19/09/2025,5.4015748031496065
1283_19,UMIDADE,AVIÁRIO MEIO,20/09/2025,6.28030303030303
1283_19,UMIDADE,AVIÁRIO MEIO,21/09/2025,6.822393822393822
1283_19,UMIDADE,AVIÁRIO MEIO,22/09/2025,6.493927125506073
1283_19,UMIDADE,AVIÁRIO MEIO,23/09/2025,5.154440154440154
1283_19,UMIDADE,AVIÁRIO MEIO,24/09/2025,5.535294117647059
1283_19,UMIDADE,AVIÁRIO MEIO,25/08/2025,6.0
1283_19,UMIDADE,AVIÁRIO MEIO,25/09/2025,4.828571428571428
1283_19,UMIDADE,AVIÁRIO MEIO,26/08/2025,6.108333333333333
1283_19,UMIDADE,AVIÁRIO MEIO,26/09/2025,5.517374517374518
1283_19,UMIDADE,AVIÁRIO MEIO,27/08/2025,6.146938775510204
1283_19,UMIDADE,AVIÁRIO MEIO,27/09/2025,5.669201520912548
1283_19,UMIDADE,AVIÁRIO MEIO,28/08/2025,5.942965779467681
1283_19,UMIDADE,AVIÁRIO MEIO,28/09/2025,6.826923076923077
1283_19,UMIDADE,AVIÁRIO MEIO,29/08/2025,5.901140684410646
1283_19,UMIDADE,AVIÁRIO MEIO,29/09/2025,7.0
1283_19,UMIDADE,AVIÁRIO MEIO,30/08/2025,6.0643939393939394
1283_19,UMIDADE,AVIÁRIO MEIO,30/09/2025,7.509505703422053
1283_19,UMIDADE,AVIÁRIO MEIO,31/08/2025,5.796934865900383
1284_19,CONSUMO DO SILO,EXTERNO,01/09/2025,53.79752613240418
1284_19,CONSUMO DO SILO,EXTERNO,01/10/2025,10.713933682373472
1284_19,CONSUMO DO SILO,EXTERNO,02/09/2025,66.5453507853403
1284_19,CONSUMO DO SILO,EXTERNO,03/09/2025,176.69791986062717
1284_19,CONSUMO DO SILO,EXTERNO,04/09/2025,131.17129965156795
1284_19,CONSUMO DO SILO,EXTERNO,05/09/2025,1.7407407407407407
1284_19,CONSUMO DO SILO,EXTERNO,09/09/2025,102.37303571428572
1284_19,CONSUMO DO SILO,EXTERNO,10/09/2025,56.19651232394366
1284_19,CONSUMO DO SILO,EXTERNO,11/09/2025,56.030548780487806
1284_19,CONSUMO DO SILO,EXTERNO,12/09/2025,233.54596509598602
1284_19,CONSUMO DO SILO,EXTERNO,13/09/2025,135.59400520833333
1284_19,CONSUMO DO SILO,EXTERNO,14/09/2025,35.63415505226481
1284_19,CONSUMO DO SILO,EXTERNO,15/09/2025,377.7001567944251
1284_19,CONSUMO DO SILO,EXTERNO,16/08/2025,17.58041958041958
1284_19,CONSUMO DO SILO,EXTERNO,16/09/2025,41.07261013986014
1284_19,CONSUMO DO SILO,EXTERNO,17/08/2025,16.9375
1284_19,CONSUMO DO SILO,EXTERNO,17/09/2025,65.06989547038329
1284_19,CONSUMO DO SILO,EXTERNO,18/08/2025,18.01219512195122
1284_19,CONSUMO DO SILO,EXTERNO,18/09/2025,30.12861954624782
1284_19,CONSUMO DO SILO,EXTERNO,19/08/2025,29.5002739965096
1284_19,CONSUMO DO SILO,EXTERNO,19/09/2025,38.68825783972126
1284_19,CONSUMO DO SILO,EXTERNO,20/08/2025,84.7439024390244
1284_19,CONSUMO DO SILO,EXTERNO,20/09/2025,34.44912195121951
1284_19,CONSUMO DO SILO,EXTERNO,21/08/2025,21.146341463414632
1284_19,CONSUMO DO SILO,EXTERNO,21/09/2025,23.619468641114985
1284_19,CONSUMO DO SILO,EXTERNO,22/08/2025,116.33101045296168
1284_19,CONSUMO DO SILO,EXTERNO,22/09/2025,231.5746993006993
1284_19,CONSUMO DO SILO,EXTERNO,23/08/2025,246.73157894736843
1284_19,CONSUMO DO SILO,EXTERNO,23/09/2025,217.17737937062935
1284_19,CONSUMO DO SILO,EXTERNO,24/08/2025,134.41463414634146
1284_19,CONSUMO DO SILO,EXTERNO,24/09/2025,57.9245392670157
1284_19,CONSUMO DO SILO,EXTERNO,25/08/2025,194.1321118881119
1284_19,CONSUMO DO SILO,EXTERNO,25/09/2025,121.8673606271777
1284_19,CONSUMO DO SILO,EXTERNO,26/08/2025,68.76094076655052
1284_19,CONSUMO DO SILO,EXTERNO,26/09/2025,21.738471204188482
1284_19,CONSUMO DO SILO,EXTERNO,27/08/2025,175.35989703315883
1284_19,CONSUMO DO SILO,EXTERNO,27/09/2025,23.57564236111111
1284_19,CONSUMO DO SILO,EXTERNO,28/08/2025,49.003490401396164
1284_19,CONSUMO DO SILO,EXTERNO,28/09/2025,33.97833972125435
1284_19,CONSUMO DO SILO,EXTERNO,29/08/2025,49.20660104529617
1284_19,CONSUMO DO SILO,EXTERNO,29/09/2025,20.18902613240418
1284_19,CONSUMO DO SILO,EXTERNO,30/08/2025,60.787437282229966
1284_19,CONSUMO DO SILO,EXTERNO,30/09/2025,113.65315734265734
1284_19,CONSUMO DO SILO,EXTERNO,31/08/2025,54.965684668989546
1284_19,CORRENTE ELÉTRICA,EXTERNO,01/09/2025,6.241530131826742
1284_19,CORRENTE ELÉTRICA,EXTERNO,01/10/2025,23.429517078916373
1284_19,CORRENTE ELÉTRICA,EXTERNO,02/09/2025,8.008892025405787
1284_19,CORRENTE ELÉTRICA,EXTERNO,03/09/2025,8.548204946996465
1284_19,CORRENTE ELÉTRICA,EXTERNO,04/09/2025,7.451546610169491
1284_19,CORRENTE ELÉTRICA,EXTERNO,05/09/2025,7.001990119971771
1284_19,CORRENTE ELÉTRICA,EXTERNO,06/09/2025,7.199934086629002
1284_19,CORRENTE ELÉTRICA,EXTERNO,07/09/2025,7.970072975517891
1284_19,CORRENTE ELÉTRICA,EXTERNO,08/09/2025,11.090442248882615
1284_19,CORRENTE ELÉTRICA,EXTERNO,09/09/2025,8.957575329566854
1284_19,CORRENTE ELÉTRICA,EXTERNO,10/09/2025,11.325452821242296
1284_19,CORRENTE ELÉTRICA,EXTERNO,11/09/2025,11.409672555948173
1284_19,CORRENTE ELÉTRICA,EXTERNO,12/09/2025,14.707415254237288
1284_19,CORRENTE ELÉTRICA,EXTERNO,13/09/2025,11.567798165137614
1284_19,CORRENTE ELÉTRICA,EXTERNO,14/09/2025,13.632883709981167
1284_19,CORRENTE ELÉTRICA,EXTERNO,15/09/2025,15.396883239171375
1284_19,CORRENTE ELÉTRICA,EXTERNO,16/09/2025,16.991333803810868
1284_19,CORRENTE ELÉTRICA,EXTERNO,17/09/2025,19.33161252354049
1284_19,CORRENTE ELÉTRICA,EXTERNO,18/09/2025,17.58249058380414
1284_19,CORRENTE ELÉTRICA,EXTERNO,19/08/2025,4.785184662432369
1284_19,CORRENTE ELÉTRICA,EXTERNO,19/09/2025,19.57368879472693
1284_19,CORRENTE ELÉTRICA,EXTERNO,20/08/2025,4.4006073446327685
1284_19,CORRENTE ELÉTRICA,EXTERNO,20/09/2025,20.921716101694916
1284_19,CORRENTE ELÉTRICA,EXTERNO,21/08/2025,5.29141242937853
1284_19,CORRENTE ELÉTRICA,EXTERNO,21/09/2025,25.831028719397366
1284_19,CORRENTE ELÉTRICA,EXTERNO,22/08/2025,6.066904257821689
1284_19,CORRENTE ELÉTRICA,EXTERNO,22/09/2025,15.18005649717514
1284_19,CORRENTE ELÉTRICA,EXTERNO,23/08/2025,5.044839924670433
1284_19,CORRENTE ELÉTRICA,EXTERNO,23/09/2025,18.507370527306968
1284_19,CORRENTE ELÉTRICA,EXTERNO,24/08/2025,4.458556967984935
1284_19,CORRENTE ELÉTRICA,EXTERNO,24/09/2025,22.203321571394966
1284_19,CORRENTE ELÉTRICA,EXTERNO,25/08/2025,4.022234768289814
1284_19,CORRENTE ELÉTRICA,EXTERNO,25/09/2025,21.68274717514124
1284_19,CORRENTE ELÉTRICA,EXTERNO,26/08/2025,4.434420903954802
1284_19,CORRENTE ELÉTRICA,EXTERNO,26/09/2025,23.055927495291904
1284_19,CORRENTE ELÉTRICA,EXTERNO,27/08/2025,5.587654669489532
1284_19,CORRENTE ELÉTRICA,EXTERNO,27/09/2025,25.350145848035755
1284_19,CORRENTE ELÉTRICA,EXTERNO,28/08/2025,5.637203389830509
1284_19,CORRENTE ELÉTRICA,EXTERNO,28/09/2025,27.74158898305085
1284_19,CORRENTE ELÉTRICA,EXTERNO,29/08/2025,6.360357815442561
1284_19,CORRENTE ELÉTRICA,EXTERNO,29/09/2025,29.15387947269303
1284_19,CORRENTE ELÉTRICA,EXTERNO,30/08/2025,7.236076217360622
1284_19,CORRENTE ELÉTRICA,EXTERNO,30/09/2025,25.794239002587627
1284_19,CORRENTE ELÉTRICA,EXTERNO,31/08/2025,6.664020715630885
1284_19,DIFERENCIAL DE PRESSÃO,AVIÁRIO MEIO,01/09/2025,10.863813229571985
1284_19,DIFERENCIAL DE PRESSÃO,AVIÁRIO MEIO,01/10/2025,27.748091603053435
1284_19,DIFERENCIAL DE PRESSÃO,AVIÁRIO MEIO,02/09/2025,16.973782771535582
1284_19,DIFERENCIAL DE PRESSÃO,AVIÁRIO MEIO,03/09/2025,19.422641509433962
1284_19,DIFERENCIAL DE PRESSÃO,AVIÁRIO MEIO,04/09/2025,15.449056603773585
1284_19,DIFERENCIAL DE PRESSÃO,AVIÁRIO MEIO,05/09/2025,10.33206106870229
1284_19,DIFERENCIAL DE PRESSÃO,AVIÁRIO MEIO,06/09/2025,14.603053435114504
1284_19,DIFERENCIAL DE PRESSÃO,AVIÁRIO MEIO,07/09/2025,19.413793103448278
1284_19,DIFERENCIAL DE PRESSÃO,AVIÁRIO MEIO,08/09/2025,25.935606060606062
1284_19,DIFERENCIAL DE PRESSÃO,AVIÁRIO MEIO,09/09/2025,25.054054054054053
1284_19,DIFERENCIAL DE PRESSÃO,AVIÁRIO MEIO,10/09/2025,26.083650190114067
1284_19,DIFERENCIAL DE PRESSÃO,AVIÁRIO MEIO,11/09/2025,26.904214559386972
1284_19,DIFERENCIAL DE PRESSÃO,AVIÁRIO MEIO,12/09/2025,27.24436090225564
1284_19,DIFERENCIAL DE PRESSÃO,AVIÁRIO MEIO,13/09/2025,26.762452107279692
1284_19,DIFERENCIAL DE PRESSÃO,AVIÁRIO MEIO,14/09/2025,28.068702290076335
1284_19,DIFERENCIAL DE PRESSÃO,AVIÁRIO MEIO,15/09/2025,27.89097744360902
1284_19,DIFERENCIAL DE PRESSÃO,AVIÁRIO MEIO,16/09/2025,27.77992277992278
1284_19,DIFERENCIAL DE PRESSÃO,AVIÁRIO MEIO,17/09/2025,28.473684210526315
1284_19,DIFERENCIAL DE PRESSÃO,AVIÁRIO MEIO,18/09/2025,28.61832061068702
1284_19,DIFERENCIAL DE PRESSÃO,AVIÁRIO MEIO,19/09/2025,28.88372093023256
1284_19,DIFERENCIAL DE PRESSÃO,AVIÁRIO MEIO,20/09/2025,28.68796992481203
1284_19,DIFERENCIAL DE PRESSÃO,AVIÁRIO MEIO,21/09/2025,29.771317829457363
1284_19,DIFERENCIAL DE PRESSÃO,AVIÁRIO MEIO,22/09/2025,27.036585365853657
1284_19,DIFERENCIAL DE PRESSÃO,AVIÁRIO MEIO,23/09/2025,28.56756756756757
1284_19,DIFERENCIAL DE PRESSÃO,AVIÁRIO MEIO,24/09/2025,30.11111111111111
1284_19,DIFERENCIAL DE PRESSÃO,AVIÁRIO MEIO,25/08/2025,6.545454545454546
1284_19,DIFERENCIAL DE PRESSÃO,AVIÁRIO MEIO,25/09/2025,30.211267605633804
1284_19,DIFERENCIAL DE PRESSÃO,AVIÁRIO MEIO,26/08/2025,7.2217573221757325
1284_19,DIFERENCIAL DE PRESSÃO,AVIÁRIO MEIO,26/09/2025,32.804597701149426
1284_19,DIFERENCIAL DE PRESSÃO,AVIÁRIO MEIO,27/08/2025,8.353658536585366
1284_19,DIFERENCIAL DE PRESSÃO,AVIÁRIO MEIO,27/09/2025,34.965384615384615
1284_19,DIFERENCIAL DE PRESSÃO,AVIÁRIO MEIO,28/08/2025,11.566037735849056
1284_19,DIFERENCIAL DE PRESSÃO,AVIÁRIO MEIO,28/09/2025,32.73180076628353
1284_19,DIFERENCIAL DE PRESSÃO,AVIÁRIO MEIO,29/08/2025,13.382575757575758
1284_19,DIFERENCIAL DE PRESSÃO,AVIÁRIO MEIO,29/09/2025,35.12075471698113
1284_19,DIFERENCIAL DE PRESSÃO,AVIÁRIO MEIO,30/08/2025,15.007547169811321
1284_19,DIFERENCIAL DE PRESSÃO,AVIÁRIO MEIO,30/09/2025,31.29811320754717
1284_19,DIFERENCIAL DE PRESSÃO,AVIÁRIO MEIO,31/08/2025,13.832699619771864
1284_19,ENERGIA ELÉTRICA DO DIA,EXTERNO,01/09/2025,14.814950564971753
1284_19,ENERGIA ELÉTRICA DO DIA,EXTERNO,01/10/2025,55.35296584216726
1284_19,ENERGIA ELÉTRICA DO DIA,EXTERNO,02/09/2025,17.841479651846626
1284_19,ENERGIA ELÉTRICA DO DIA,EXTERNO,03/09/2025,19.200633686690225
1284_19,ENERGIA ELÉTRICA DO DIA,EXTERNO,04/09/2025,17.338519303201505
1284_19,ENERGIA ELÉTRICA DO DIA,EXTERNO,05/09/2025,16.977257115972716
1284_19,ENERGIA ELÉTRICA DO DIA,EXTERNO,06/09/2025,16.93513888888889
1284_19,ENERGIA ELÉTRICA DO DIA,EXTERNO,07/09/2025,18.111909133709982
1284_19,ENERGIA ELÉTRICA DO DIA,EXTERNO,08/09/2025,24.58271230298753
1284_19,ENERGIA ELÉTRICA DO DIA,EXTERNO,09/09/2025,20.32225517890772
1284_19,ENERGIA ELÉTRICA DO DIA,EXTERNO,10/09/2025,24.92811996206733
1284_19,ENERGIA ELÉTRICA DO DIA,EXTERNO,11/09/2025,26.972878680800942
1284_19,ENERGIA ELÉTRICA DO DIA,EXTERNO,12/09/2025,31.327523540489643
1284_19,ENERGIA ELÉTRICA DO DIA,EXTERNO,13/09/2025,26.180858621500825
1284_19,ENERGIA ELÉTRICA DO DIA,EXTERNO,14/09/2025,30.028267419962337
1284_19,ENERGIA ELÉTRICA DO DIA,EXTERNO,15/09/2025,33.02924199623352
1284_19,ENERGIA ELÉTRICA DO DIA,EXTERNO,16/09/2025,34.49416607856975
1284_19,ENERGIA ELÉTRICA DO DIA,EXTERNO,17/09/2025,38.412556497175146
1284_19,ENERGIA ELÉTRICA DO DIA,EXTERNO,18/09/2025,36.328488700564975
1284_19,ENERGIA ELÉTRICA DO DIA,EXTERNO,19/08/2025,10.813403904963538
1284_19,ENERGIA ELÉTRICA DO DIA,EXTERNO,19/09/2025,39.10725517890772
1284_19,ENERGIA ELÉTRICA DO DIA,EXTERNO,20/08/2025,11.062191619585688
1284_19,ENERGIA ELÉTRICA DO DIA,EXTERNO,20/09/2025,46.19590866290019
1284_19,ENERGIA ELÉTRICA DO DIA,EXTERNO,21/08/2025,12.650320150659134
1284_19,ENERGIA ELÉTRICA DO DIA,EXTERNO,21/09/2025,53.03692325800377
1284_19,ENERGIA ELÉTRICA DO DIA,EXTERNO,22/08/2025,14.544191954834156
1284_19,ENERGIA ELÉTRICA DO DIA,EXTERNO,22/09/2025,36.23396892655367
1284_19,ENERGIA ELÉTRICA DO DIA,EXTERNO,23/08/2025,11.985943973634653
1284_19,ENERGIA ELÉTRICA DO DIA,EXTERNO,23/09/2025,38.75405367231638
1284_19,ENERGIA ELÉTRICA DO DIA,EXTERNO,24/08/2025,11.337871939736345
1284_19,ENERGIA ELÉTRICA DO DIA,EXTERNO,24/09/2025,45.72240649258998
1284_19,ENERGIA ELÉTRICA DO DIA,EXTERNO,25/08/2025,9.888430957421784
1284_19,ENERGIA ELÉTRICA DO DIA,EXTERNO,25/09/2025,44.80056732580038
1284_19,ENERGIA ELÉTRICA DO DIA,EXTERNO,26/08/2025,10.158669962335216
1284_19,ENERGIA ELÉTRICA DO DIA,EXTERNO,26/09/2025,47.43194679849341
1284_19,ENERGIA ELÉTRICA DO DIA,EXTERNO,27/08/2025,13.119117854622443
1284_19,ENERGIA ELÉTRICA DO DIA,EXTERNO,27/09/2025,51.27912491178546
1284_19,ENERGIA ELÉTRICA DO DIA,EXTERNO,28/08/2025,13.258608757062147
1284_19,ENERGIA ELÉTRICA DO DIA,EXTERNO,28/09/2025,57.57388888888889
1284_19,ENERGIA ELÉTRICA DO DIA,EXTERNO,29/08/2025,14.58957627118644
1284_19,ENERGIA ELÉTRICA DO DIA,EXTERNO,29/09/2025,64.60256355932204
1284_19,ENERGIA ELÉTRICA DO DIA,EXTERNO,30/08/2025,16.519350741002118
1284_19,ENERGIA ELÉTRICA DO DIA,EXTERNO,30/09/2025,64.74336861914844
1284_19,ENERGIA ELÉTRICA DO DIA,EXTERNO,31/08/2025,15.768556967984935
1284_19,TEMPERATURA,AVIÁRIO FRENTE,01/09/2025,25.915953307392996
1284_19,TEMPERATURA,AVIÁRIO FRENTE,01/10/2025,22.758015267175573
1284_19,TEMPERATURA,AVIÁRIO FRENTE,02/09/2025,27.49837702871411
1284_19,TEMPERATURA,AVIÁRIO FRENTE,03/09/2025,27.336226415094337
1284_19,TEMPERATURA,AVIÁRIO FRENTE,04/09/2025,26.25748427672956
1284_19,TEMPERATURA,AVIÁRIO FRENTE,05/09/2025,23.378117048346056
1284_19,TEMPERATURA,AVIÁRIO FRENTE,06/09/2025,23.452544529262088
1284_19,TEMPERATURA,AVIÁRIO FRENTE,07/09/2025,24.403575989782887
1284_19,TEMPERATURA,AVIÁRIO FRENTE,08/09/2025,25.910353535353536
1284_19,TEMPERATURA,AVIÁRIO FRENTE,09/09/2025,24.005405405405405
1284_19,TEMPERATURA,AVIÁRIO FRENTE,10/09/2025,22.85171102661597
1284_19,TEMPERATURA,AVIÁRIO FRENTE,11/09/2025,23.80102171136654
1284_19,TEMPERATURA,AVIÁRIO FRENTE,12/09/2025,25.77017543859649
1284_19,TEMPERATURA,AVIÁRIO FRENTE,13/09/2025,25.012899106002553
1284_19,TEMPERATURA,AVIÁRIO FRENTE,14/09/2025,24.286641221374044
1284_19,TEMPERATURA,AVIÁRIO FRENTE,15/09/2025,24.513659147869674
1284_19,TEMPERATURA,AVIÁRIO FRENTE,16/09/2025,25.056628056628057
1284_19,TEMPERATURA,AVIÁRIO FRENTE,17/09/2025,25.777568922305765
1284_19,TEMPERATURA,AVIÁRIO FRENTE,18/09/2025,25.004580152671753
1284_19,TEMPERATURA,AVIÁRIO FRENTE,19/09/2025,24.988372093023255
1284_19,TEMPERATURA,AVIÁRIO FRENTE,20/09/2025,25.174812030075188
1284_19,TEMPERATURA,AVIÁRIO FRENTE,21/09/2025,26.025064599483205
1284_19,TEMPERATURA,AVIÁRIO FRENTE,22/09/2025,21.11680216802168
1284_19,TEMPERATURA,AVIÁRIO FRENTE,23/09/2025,20.196138996138995
1284_19,TEMPERATURA,AVIÁRIO FRENTE,24/09/2025,21.475828460038986
1284_19,TEMPERATURA,AVIÁRIO FRENTE,25/08/2025,28.05530303030303
1284_19,TEMPERATURA,AVIÁRIO FRENTE,25/09/2025,22.887793427230047
1284_19,TEMPERATURA,AVIÁRIO FRENTE,26/08/2025,27.979776847977686
1284_19,TEMPERATURA,AVIÁRIO FRENTE,26/09/2025,22.198084291187737
1284_19,TEMPERATURA,AVIÁRIO FRENTE,27/08/2025,28.24728997289973
1284_19,TEMPERATURA,AVIÁRIO FRENTE,27/09/2025,22.882435897435897
1284_19,TEMPERATURA,AVIÁRIO FRENTE,28/08/2025,28.134968553459117
1284_19,TEMPERATURA,AVIÁRIO FRENTE,28/09/2025,23.97535121328225
1284_19,TEMPERATURA,AVIÁRIO FRENTE,29/08/2025,28.43737373737374
1284_19,TEMPERATURA,AVIÁRIO FRENTE,29/09/2025,24.434968553459118
1284_19,TEMPERATURA,AVIÁRIO FRENTE,30/08/2025,28.166163522012578
1284_19,TEMPERATURA,AVIÁRIO FRENTE,30/09/2025,23.074339622641507
1284_19,TEMPERATURA,AVIÁRIO FRENTE,31/08/2025,27.518884664131814
1284_19,TEMPERATURA,AVIÁRIO FUNDO,01/09/2025,27.279377431906614
1284_19,TEMPERATURA,AVIÁRIO FUNDO,01/10/2025,25.2206106870229
1284_19,TEMPERATURA,AVIÁRIO FUNDO,02/09/2025,28.61123595505618
1284_19,TEMPERATURA,AVIÁRIO FUNDO,03/09/2025,28.907169811320752
1284_19,TEMPERATURA,AVIÁRIO FUNDO,04/09/2025,27.857358490566035
1284_19,TEMPERATURA,AVIÁRIO FUNDO,05/09/2025,24.471946564885496
1284_19,TEMPERATURA,AVIÁRIO FUNDO,06/09/2025,25.106870229007633
1284_19,TEMPERATURA,AVIÁRIO FUNDO,07/09/2025,26.61360153256705
1284_19,TEMPERATURA,AVIÁRIO FUNDO,08/09/2025,28.065151515151513
1284_19,TEMPERATURA,AVIÁRIO FUNDO,09/09/2025,26.663127413127413
1284_19,TEMPERATURA,AVIÁRIO FUNDO,10/09/2025,25.59448669201521
1284_19,TEMPERATURA,AVIÁRIO FUNDO,11/09/2025,25.980842911877396
1284_19,TEMPERATURA,AVIÁRIO FUNDO,12/09/2025,27.305827067669174
1284_19,TEMPERATURA,AVIÁRIO FUNDO,13/09/2025,26.37183908045977
1284_19,TEMPERATURA,AVIÁRIO FUNDO,14/09/2025,25.813740458015268
1284_19,TEMPERATURA,AVIÁRIO FUNDO,15/09/2025,26.25921052631579
1284_19,TEMPERATURA,AVIÁRIO FUNDO,16/09/2025,27.280888030888033
1284_19,TEMPERATURA,AVIÁRIO FUNDO,17/09/2025,28.18796992481203
1284_19,TEMPERATURA,AVIÁRIO FUNDO,18/09/2025,27.307824427480913
1284_19,TEMPERATURA,AVIÁRIO FUNDO,19/09/2025,27.18236434108527
1284_19,TEMPERATURA,AVIÁRIO FUNDO,20/09/2025,27.36936090225564
1284_19,TEMPERATURA,AVIÁRIO FUNDO,21/09/2025,28.120736434108526
1284_19,TEMPERATURA,AVIÁRIO FUNDO,22/09/2025,24.159756097560976
1284_19,TEMPERATURA,AVIÁRIO FUNDO,23/09/2025,22.245366795366795
1284_19,TEMPERATURA,AVIÁRIO FUNDO,24/09/2025,23.56549707602339
1284_19,TEMPERATURA,AVIÁRIO FUNDO,25/08/2025,25.76439393939394
1284_19,TEMPERATURA,AVIÁRIO FUNDO,25/09/2025,25.270422535211267
1284_19,TEMPERATURA,AVIÁRIO FUNDO,26/08/2025,26.47405857740586
1284_19,TEMPERATURA,AVIÁRIO FUNDO,26/09/2025,24.603065134099616
1284_19,TEMPERATURA,AVIÁRIO FUNDO,27/08/2025,27.974593495934958
1284_19,TEMPERATURA,AVIÁRIO FUNDO,27/09/2025,25.628461538461536
1284_19,TEMPERATURA,AVIÁRIO FUNDO,28/08/2025,28.042264150943396
1284_19,TEMPERATURA,AVIÁRIO FUNDO,28/09/2025,26.31015325670498
1284_19,TEMPERATURA,AVIÁRIO FUNDO,29/08/2025,28.494128787878786
1284_19,TEMPERATURA,AVIÁRIO FUNDO,29/09/2025,26.63377358490566
1284_19,TEMPERATURA,AVIÁRIO FUNDO,30/08/2025,28.754528301886793
1284_19,TEMPERATURA,AVIÁRIO FUNDO,30/09/2025,25.32698113207547
1284_19,TEMPERATURA,AVIÁRIO FUNDO,31/08/2025,28.08688212927757
1284_19,TEMPERATURA,AVIÁRIO MEIO,01/09/2025,26.889688715953305
1284_19,TEMPERATURA,AVIÁRIO MEIO,01/10/2025,24.061641221374046
1284_19,TEMPERATURA,AVIÁRIO MEIO,02/09/2025,28.29456928838951
1284_19,TEMPERATURA,AVIÁRIO MEIO,03/09/2025,28.550566037735848
1284_19,TEMPERATURA,AVIÁRIO MEIO,04/09/2025,27.49320754716981
1284_19,TEMPERATURA,AVIÁRIO MEIO,05/09/2025,24.028435114503814
1284_19,TEMPERATURA,AVIÁRIO MEIO,06/09/2025,24.50286259541985
1284_19,TEMPERATURA,AVIÁRIO MEIO,07/09/2025,25.959195402298853
1284_19,TEMPERATURA,AVIÁRIO MEIO,08/09/2025,27.709280303030305
1284_19,TEMPERATURA,AVIÁRIO MEIO,09/09/2025,25.969691119691117
1284_19,TEMPERATURA,AVIÁRIO MEIO,10/09/2025,24.902851711026614
1284_19,TEMPERATURA,AVIÁRIO MEIO,11/09/2025,25.21360153256705
1284_19,TEMPERATURA,AVIÁRIO MEIO,12/09/2025,26.718984962406015
1284_19,TEMPERATURA,AVIÁRIO MEIO,13/09/2025,25.561494252873565
1284_19,TEMPERATURA,AVIÁRIO MEIO,14/09/2025,24.955725190839694
1284_19,TEMPERATURA,AVIÁRIO MEIO,15/09/2025,25.522556390977442
1284_19,TEMPERATURA,AVIÁRIO MEIO,16/09/2025,26.422393822393822
1284_19,TEMPERATURA,AVIÁRIO MEIO,17/09/2025,27.302443609022557
1284_19,TEMPERATURA,AVIÁRIO MEIO,18/09/2025,26.560305343511452
1284_19,TEMPERATURA,AVIÁRIO MEIO,19/09/2025,26.452131782945735
1284_19,TEMPERATURA,AVIÁRIO MEIO,20/09/2025,26.683082706766918
1284_19,TEMPERATURA,AVIÁRIO MEIO,21/09/2025,27.564728682170543
1284_19,TEMPERATURA,AVIÁRIO MEIO,22/09/2025,23.10752032520325
1284_19,TEMPERATURA,AVIÁRIO MEIO,23/09/2025,21.316023166023168
1284_19,TEMPERATURA,AVIÁRIO MEIO,24/09/2025,22.3812865497076
1284_19,TEMPERATURA,AVIÁRIO MEIO,25/08/2025,28.34469696969697
1284_19,TEMPERATURA,AVIÁRIO MEIO,25/09/2025,24.19929577464789
1284_19,TEMPERATURA,AVIÁRIO MEIO,26/08/2025,28.125732217573223
1284_19,TEMPERATURA,AVIÁRIO MEIO,26/09/2025,23.471264367816094
1284_19,TEMPERATURA,AVIÁRIO MEIO,27/08/2025,28.40487804878049
1284_19,TEMPERATURA,AVIÁRIO MEIO,27/09/2025,24.470192307692308
1284_19,TEMPERATURA,AVIÁRIO MEIO,28/08/2025,28.416792452830187
1284_19,TEMPERATURA,AVIÁRIO MEIO,28/09/2025,25.286781609195405
1284_19,TEMPERATURA,AVIÁRIO MEIO,29/08/2025,28.40757575757576
1284_19,TEMPERATURA,AVIÁRIO MEIO,29/09/2025,25.689056603773587
1284_19,TEMPERATURA,AVIÁRIO MEIO,30/08/2025,28.309245283018868
1284_19,TEMPERATURA,AVIÁRIO MEIO,30/09/2025,24.24056603773585
1284_19,TEMPERATURA,AVIÁRIO MEIO,31/08/2025,27.89429657794677
1284_19,TEMPERATURA,EXTERNO,01/09/2025,20.13035019455253
1284_19,TEMPERATURA,EXTERNO,01/10/2025,22.6706106870229
1284_19,TEMPERATURA,EXTERNO,02/09/2025,24.84307116104869
1284_19,TEMPERATURA,EXTERNO,03/09/2025,26.552830188679245
1284_19,TEMPERATURA,EXTERNO,04/09/2025,23.384528301886792
1284_19,TEMPERATURA,EXTERNO,05/09/2025,16.200381679389313
1284_19,TEMPERATURA,EXTERNO,06/09/2025,18.638167938931296
1284_19,TEMPERATURA,EXTERNO,07/09/2025,20.203065134099617
1284_19,TEMPERATURA,EXTERNO,08/09/2025,25.265151515151516
1284_19,TEMPERATURA,EXTERNO,09/09/2025,22.884555984555988
1284_19,TEMPERATURA,EXTERNO,10/09/2025,22.570342205323193
1284_19,TEMPERATURA,EXTERNO,11/09/2025,24.53754789272031
1284_19,TEMPERATURA,EXTERNO,12/09/2025,27.28533834586466
1284_19,TEMPERATURA,EXTERNO,13/09/2025,23.28735632183908
1284_19,TEMPERATURA,EXTERNO,14/09/2025,23.3412213740458
1284_19,TEMPERATURA,EXTERNO,15/09/2025,24.563157894736843
1284_19,TEMPERATURA,EXTERNO,16/09/2025,26.138223938223938
1284_19,TEMPERATURA,EXTERNO,17/09/2025,28.002255639097747
1284_19,TEMPERATURA,EXTERNO,18/09/2025,25.91908396946565
1284_19,TEMPERATURA,EXTERNO,19/09/2025,27.24031007751938
1284_19,TEMPERATURA,EXTERNO,20/09/2025,28.379323308270674
1284_19,TEMPERATURA,EXTERNO,21/09/2025,30.024031007751937
1284_19,TEMPERATURA,EXTERNO,22/09/2025,20.81260162601626
1284_19,TEMPERATURA,EXTERNO,23/09/2025,19.92895752895753
1284_19,TEMPERATURA,EXTERNO,24/09/2025,22.584795321637426
1284_19,TEMPERATURA,EXTERNO,25/08/2025,14.091666666666667
1284_19,TEMPERATURA,EXTERNO,25/09/2025,23.24788732394366
1284_19,TEMPERATURA,EXTERNO,26/08/2025,15.97154811715481
1284_19,TEMPERATURA,EXTERNO,26/09/2025,22.39578544061303
1284_19,TEMPERATURA,EXTERNO,27/08/2025,19.10731707317073
1284_19,TEMPERATURA,EXTERNO,27/09/2025,24.46769230769231
1284_19,TEMPERATURA,EXTERNO,28/08/2025,21.17811320754717
1284_19,TEMPERATURA,EXTERNO,28/09/2025,25.627969348659004
1284_19,TEMPERATURA,EXTERNO,29/08/2025,22.704545454545453
1284_19,TEMPERATURA,EXTERNO,29/09/2025,26.663396226415095
1284_19,TEMPERATURA,EXTERNO,30/08/2025,23.86
1284_19,TEMPERATURA,EXTERNO,30/09/2025,22.711320754716983
1284_19,TEMPERATURA,EXTERNO,31/08/2025,23.062357414448666
1284_19,UMIDADE,AVIÁRIO MEIO,01/09/2025,5.879377431906615
1284_19,UMIDADE,AVIÁRIO MEIO,01/10/2025,7.606870229007634
1284_19,UMIDADE,AVIÁRIO MEIO,02/09/2025,5.49812734082397
1284_19,UMIDADE,AVIÁRIO MEIO,03/09/2025,5.0452830188679245
1284_19,UMIDADE,AVIÁRIO MEIO,04/09/2025,5.532075471698113
1284_19,UMIDADE,AVIÁRIO MEIO,05/09/2025,6.145038167938932
1284_19,UMIDADE,AVIÁRIO MEIO,06/09/2025,5.988549618320611
1284_19,UMIDADE,AVIÁRIO MEIO,07/09/2025,5.908045977011494
1284_19,UMIDADE,AVIÁRIO MEIO,08/09/2025,5.537878787878788
1284_19,UMIDADE,AVIÁRIO MEIO,09/09/2025,5.9652509652509655
1284_19,UMIDADE,AVIÁRIO MEIO,10/09/2025,4.760456273764259
1284_19,UMIDADE,AVIÁRIO MEIO,11/09/2025,4.6130268199233715
1284_19,UMIDADE,AVIÁRIO MEIO,12/09/2025,4.68796992481203
1284_19,UMIDADE,AVIÁRIO MEIO,13/09/2025,4.957854406130268
1284_19,UMIDADE,AVIÁRIO MEIO,14/09/2025,5.286259541984733
1284_19,UMIDADE,AVIÁRIO MEIO,15/09/2025,5.424812030075188
1284_19,UMIDADE,AVIÁRIO MEIO,16/09/2025,5.888030888030888
1284_19,UMIDADE,AVIÁRIO MEIO,17/09/2025,5.484962406015038
1284_19,UMIDADE,AVIÁRIO MEIO,18/09/2025,5.00763358778626
1284_19,UMIDADE,AVIÁRIO MEIO,19/09/2025,4.89922480620155
1284_19,UMIDADE,AVIÁRIO MEIO,20/09/2025,5.853383458646617
1284_19,UMIDADE,AVIÁRIO MEIO,21/09/2025,6.604651162790698
1284_19,UMIDADE,AVIÁRIO MEIO,22/09/2025,5.9105691056910565
1284_19,UMIDADE,AVIÁRIO MEIO,23/09/2025,4.737451737451737
1284_19,UMIDADE,AVIÁRIO MEIO,24/09/2025,4.742690058479532
1284_19,UMIDADE,AVIÁRIO MEIO,25/08/2025,5.0
1284_19,UMIDADE,AVIÁRIO MEIO,25/09/2025,4.507042253521127
1284_19,UMIDADE,AVIÁRIO MEIO,26/08/2025,5.02092050209205
1284_19,UMIDADE,AVIÁRIO MEIO,26/09/2025,4.977011494252873
1284_19,UMIDADE,AVIÁRIO MEIO,27/08/2025,5.4471544715447155
1284_19,UMIDADE,AVIÁRIO MEIO,27/09/2025,5.292307692307692
1284_19,UMIDADE,AVIÁRIO MEIO,28/08/2025,5.366037735849057
1284_19,UMIDADE,AVIÁRIO MEIO,28/09/2025,6.425287356321839
1284_19,UMIDADE,AVIÁRIO MEIO,29/08/2025,5.386363636363637
1284_19,UMIDADE,AVIÁRIO MEIO,29/09/2025,6.60377358490566
1284_19,UMIDADE,AVIÁRIO MEIO,30/08/2025,5.407547169811321
1284_19,UMIDADE,AVIÁRIO MEIO,30/09/2025,7.166037735849057
1284_19,UMIDADE,AVIÁRIO MEIO,31/08/2025,5.17490494296578
